2025-06-14 12:09:26,094 - engine.matching_engine - INFO - MatchingEngine initialized
2025-06-14 12:09:41,269 - engine.matching_engine - INFO - Processing new order 207d1d3b-07c9-412e-bf01-42a1e73db442 of type OrderType.LIMIT for BTC_USD
2025-06-14 12:09:41,270 - engine.matching_engine - INFO - Found 0 activated orders to process
2025-06-14 12:09:41,271 - engine.matching_engine - INFO - Processing remaining quantity for order 207d1d3b-07c9-412e-bf01-42a1e73db442
2025-06-14 12:09:41,272 - engine.matching_engine - INFO - Added remaining quantity of order 207d1d3b-07c9-412e-bf01-42a1e73db442 to order book
2025-06-14 12:09:41,273 - engine.matching_engine - INFO - Broadcasting updates for order 207d1d3b-07c9-412e-bf01-42a1e73db442
2025-06-14 12:09:41,274 - engine.matching_engine - INFO - Order 207d1d3b-07c9-412e-bf01-42a1e73db442 processing complete. Generated 0 trades
2025-06-14 12:09:45,545 - engine.matching_engine - INFO - Processing new order 11540ea3-0300-4205-988b-f216404261e0 of type OrderType.STOP_LIMIT for BTC_USD
2025-06-14 12:09:45,546 - engine.matching_engine - INFO - Found 0 activated orders to process
2025-06-14 12:09:45,547 - engine.matching_engine - INFO - Processing remaining quantity for order 11540ea3-0300-4205-988b-f216404261e0
2025-06-14 12:09:45,547 - engine.matching_engine - INFO - Added OrderType.STOP_LIMIT order 11540ea3-0300-4205-988b-f216404261e0 to inactive orders
2025-06-14 12:09:45,548 - engine.matching_engine - INFO - Broadcasting updates for order 11540ea3-0300-4205-988b-f216404261e0
2025-06-14 12:09:45,549 - engine.matching_engine - INFO - Order 11540ea3-0300-4205-988b-f216404261e0 processing complete. Generated 0 trades
2025-06-14 12:09:49,710 - engine.matching_engine - INFO - Processing new order c284b226-eb74-4c80-8cef-7e9c32889fd1 of type OrderType.LIMIT for BTC_USD
2025-06-14 12:09:49,712 - engine.matching_engine - INFO - Found 1 activated orders to process
2025-06-14 12:09:49,713 - engine.matching_engine - INFO - Processing activated order 11540ea3-0300-4205-988b-f216404261e0
2025-06-14 12:09:49,713 - engine.matching_engine - INFO - Processing activated order 11540ea3-0300-4205-988b-f216404261e0 of type OrderType.LIMIT
2025-06-14 12:09:49,713 - engine.matching_engine - INFO - Processing remaining quantity for activated order 11540ea3-0300-4205-988b-f216404261e0
2025-06-14 12:09:49,714 - engine.matching_engine - INFO - Added remaining quantity of activated order 11540ea3-0300-4205-988b-f216404261e0 to order book
2025-06-14 12:09:49,714 - engine.matching_engine - INFO - Generated 0 trades from activated order 11540ea3-0300-4205-988b-f216404261e0
2025-06-14 12:09:49,715 - engine.matching_engine - INFO - Processing remaining quantity for order c284b226-eb74-4c80-8cef-7e9c32889fd1
2025-06-14 12:09:49,715 - engine.matching_engine - INFO - Added remaining quantity of order c284b226-eb74-4c80-8cef-7e9c32889fd1 to order book
2025-06-14 12:09:49,716 - engine.matching_engine - INFO - Broadcasting updates for order c284b226-eb74-4c80-8cef-7e9c32889fd1
2025-06-14 12:09:49,716 - engine.matching_engine - INFO - Order c284b226-eb74-4c80-8cef-7e9c32889fd1 processing complete. Generated 0 trades
2025-06-14 12:19:37,236 - engine.redis_service - ERROR - Failed to connect to Redis: Error 10061 connecting to localhost:6379. No connection could be made because the target machine actively refused it.
2025-06-14 12:20:38,057 - engine.matching_engine - INFO - MatchingEngine initialized
2025-06-14 12:20:40,346 - engine.matching_engine - INFO - MatchingEngine initialized
2025-06-14 13:31:04,002 - engine.redis_persistence - INFO - Redis connection initialized
2025-06-14 13:31:04,003 - engine.matching_engine - INFO - MatchingEngine initialized
2025-06-14 13:32:06,396 - engine.matching_engine - INFO - Processing new order 589e1b50-3b07-4a66-ae98-5ab49acf45d7 of type OrderType.LIMIT for BTC_USD
2025-06-14 13:32:06,397 - engine.matching_engine - INFO - Found 0 activated orders to process
2025-06-14 13:32:06,400 - engine.matching_engine - INFO - Processing remaining quantity for order 589e1b50-3b07-4a66-ae98-5ab49acf45d7
2025-06-14 13:32:06,405 - engine.matching_engine - INFO - Added remaining quantity of order 589e1b50-3b07-4a66-ae98-5ab49acf45d7 to order book
2025-06-14 13:32:09,002 - engine.redis_persistence - INFO - Order book state saved for BTC_USD
2025-06-14 13:32:09,003 - engine.matching_engine - INFO - Broadcasting updates for order 589e1b50-3b07-4a66-ae98-5ab49acf45d7
2025-06-14 13:32:09,005 - engine.matching_engine - INFO - Order 589e1b50-3b07-4a66-ae98-5ab49acf45d7 processing complete. Generated 0 trades
2025-06-14 13:34:24,263 - engine.redis_persistence - INFO - Redis connection initialized
2025-06-14 13:34:24,264 - engine.matching_engine - INFO - MatchingEngine initialized
2025-06-14 13:34:38,664 - engine.matching_engine - INFO - Processing new order 28f8af13-f08b-42da-b865-71ef6eb8b8df of type OrderType.STOP_LIMIT for BTC_USD
2025-06-14 13:34:38,666 - engine.matching_engine - INFO - Found 0 activated orders to process
2025-06-14 13:34:38,667 - engine.matching_engine - INFO - Processing remaining quantity for order 28f8af13-f08b-42da-b865-71ef6eb8b8df
2025-06-14 13:34:38,668 - engine.matching_engine - INFO - Added OrderType.STOP_LIMIT order 28f8af13-f08b-42da-b865-71ef6eb8b8df to inactive orders
2025-06-14 13:34:41,129 - engine.redis_persistence - INFO - Order book state saved for BTC_USD
2025-06-14 13:34:41,130 - engine.matching_engine - INFO - Broadcasting updates for order 28f8af13-f08b-42da-b865-71ef6eb8b8df
2025-06-14 13:34:41,132 - engine.matching_engine - INFO - Order 28f8af13-f08b-42da-b865-71ef6eb8b8df processing complete. Generated 0 trades
2025-06-14 13:35:01,485 - engine.matching_engine - INFO - Processing new order ebb6c563-c01e-47f6-8207-2a4b99ea0729 of type OrderType.LIMIT for BTC_USD
2025-06-14 13:35:01,486 - engine.matching_engine - INFO - Found 1 activated orders to process
2025-06-14 13:35:01,487 - engine.matching_engine - INFO - Processing activated order 28f8af13-f08b-42da-b865-71ef6eb8b8df
2025-06-14 13:35:01,489 - engine.matching_engine - INFO - Processing activated order 28f8af13-f08b-42da-b865-71ef6eb8b8df of type OrderType.LIMIT
2025-06-14 13:35:01,489 - engine.matching_engine - INFO - Processing remaining quantity for activated order 28f8af13-f08b-42da-b865-71ef6eb8b8df
2025-06-14 13:35:01,491 - engine.matching_engine - INFO - Added remaining quantity of activated order 28f8af13-f08b-42da-b865-71ef6eb8b8df to order book
2025-06-14 13:35:01,493 - engine.matching_engine - INFO - Generated 0 trades from activated order 28f8af13-f08b-42da-b865-71ef6eb8b8df
2025-06-14 13:35:01,495 - engine.matching_engine - INFO - Processing remaining quantity for order ebb6c563-c01e-47f6-8207-2a4b99ea0729
2025-06-14 13:35:01,497 - engine.matching_engine - INFO - Added remaining quantity of order ebb6c563-c01e-47f6-8207-2a4b99ea0729 to order book
2025-06-14 13:35:03,071 - engine.redis_persistence - INFO - Order book state saved for BTC_USD
2025-06-14 13:35:03,071 - engine.matching_engine - INFO - Broadcasting updates for order ebb6c563-c01e-47f6-8207-2a4b99ea0729
2025-06-14 13:35:03,072 - engine.matching_engine - INFO - Order ebb6c563-c01e-47f6-8207-2a4b99ea0729 processing complete. Generated 0 trades
2025-06-14 13:35:37,346 - engine.matching_engine - INFO - Processing new order a42125f6-9162-4c0d-89f7-4ff6eb6d31d7 of type OrderType.MARKET for BTC_USD
2025-06-14 13:35:37,348 - engine.matching_engine - INFO - Found 0 activated orders to process
2025-06-14 13:35:37,349 - engine.matching_engine - INFO - Processing remaining quantity for order a42125f6-9162-4c0d-89f7-4ff6eb6d31d7
2025-06-14 13:35:38,029 - engine.redis_persistence - INFO - Order book state saved for BTC_USD
2025-06-14 13:35:39,406 - engine.redis_persistence - INFO - Trade 58ba0985-cb40-490e-bbac-1ac2eb5616d5 saved
2025-06-14 13:35:39,406 - engine.matching_engine - INFO - Broadcasting updates for order a42125f6-9162-4c0d-89f7-4ff6eb6d31d7
2025-06-14 13:35:39,408 - engine.matching_engine - INFO - Order a42125f6-9162-4c0d-89f7-4ff6eb6d31d7 processing complete. Generated 1 trades
2025-06-14 13:46:36,751 - engine.redis_persistence - INFO - Redis connection initialized
2025-06-14 13:46:36,752 - engine.matching_engine - INFO - MatchingEngine initialized
2025-06-14 13:46:42,017 - engine.matching_engine - INFO - Processing new order 3614b709-4c17-42e4-9f65-0a7b46940dc1 of type OrderType.MARKET for BTC_USD
2025-06-14 13:46:42,018 - engine.matching_engine - INFO - Found 0 activated orders to process
2025-06-14 13:46:42,019 - engine.matching_engine - INFO - Processing remaining quantity for order 3614b709-4c17-42e4-9f65-0a7b46940dc1
2025-06-14 13:46:42,020 - engine.matching_engine - INFO - Removed remaining quantity of OrderType.MARKET order 3614b709-4c17-42e4-9f65-0a7b46940dc1
2025-06-14 13:46:42,020 - engine.redis_persistence - INFO - Order book state saved for BTC_USD
2025-06-14 13:46:42,022 - engine.matching_engine - INFO - Broadcasting updates for order 3614b709-4c17-42e4-9f65-0a7b46940dc1
2025-06-14 13:46:42,022 - engine.matching_engine - INFO - Order 3614b709-4c17-42e4-9f65-0a7b46940dc1 processing complete. Generated 0 trades
2025-06-14 13:51:36,877 - engine.redis_persistence - INFO - Redis connection initialized
2025-06-14 13:51:36,877 - engine.matching_engine - INFO - MatchingEngine initialized
2025-06-14 14:04:10,661 - engine.redis_persistence - INFO - Redis connection pool initialized
2025-06-14 14:04:10,662 - engine.matching_engine - INFO - MatchingEngine initialized
2025-06-14 14:04:54,688 - engine.matching_engine - INFO - Processing new order 62523efb-9404-41fd-ae5f-49942dd222c1 of type OrderType.MARKET for BTC_USD
2025-06-14 14:04:54,694 - engine.matching_engine - INFO - Found 0 activated orders to process
2025-06-14 14:04:54,697 - engine.redis_persistence - INFO - Order book state saved for BTC_USD
2025-06-14 14:05:14,627 - engine.matching_engine - INFO - Processing new order 902c1789-def2-43b8-8fa2-b21d5383681b of type OrderType.LIMIT for BTC_USD
2025-06-14 14:05:14,628 - engine.matching_engine - INFO - Found 0 activated orders to process
2025-06-14 14:05:16,343 - engine.redis_persistence - INFO - Order book state saved for BTC_USD
2025-06-14 14:06:02,018 - engine.matching_engine - INFO - Processing new order 4b33670a-1bf3-4d22-948a-c04febba7162 of type OrderType.LIMIT for BTC_USD
2025-06-14 14:06:02,020 - engine.matching_engine - INFO - Found 0 activated orders to process
2025-06-14 14:06:02,461 - engine.redis_persistence - INFO - Order book state saved for BTC_USD
2025-06-14 14:06:21,694 - engine.matching_engine - INFO - Processing new order 3f3ad575-c892-43f0-bf0b-75e33aede8c2 of type OrderType.LIMIT for BTC_USD
2025-06-14 14:06:21,698 - engine.matching_engine - INFO - Found 0 activated orders to process
2025-06-14 14:06:22,038 - engine.redis_persistence - INFO - Order book state saved for BTC_USD
2025-06-14 14:06:22,373 - engine.redis_persistence - INFO - Trade c1c8ca82-36c9-48c8-a4d4-251a48479bf2 saved
2025-06-14 14:06:50,256 - engine.matching_engine - INFO - Processing new order bb8f1be7-e106-4e1d-a834-149b4f9d9c58 of type OrderType.LIMIT for BTC_USD
2025-06-14 14:06:50,257 - engine.matching_engine - INFO - Found 0 activated orders to process
2025-06-14 14:06:50,259 - engine.redis_persistence - INFO - Order book state saved for BTC_USD
2025-06-14 14:06:50,691 - engine.redis_persistence - INFO - Trade 386565e2-c431-4666-9b6c-2dace8c3f7ea saved
2025-06-14 14:06:55,474 - engine.matching_engine - INFO - Processing new order d8457439-40ff-4e08-a99f-7a1df447280d of type OrderType.LIMIT for BTC_USD
2025-06-14 14:06:55,477 - engine.matching_engine - INFO - Found 0 activated orders to process
2025-06-14 14:06:55,820 - engine.redis_persistence - INFO - Order book state saved for BTC_USD
2025-06-14 15:59:09,383 - engine.redis_persistence - INFO - Redis connection pool initialized
2025-06-14 15:59:09,384 - engine.matching_engine - INFO - MatchingEngine initialized
2025-06-14 16:00:36,242 - engine.matching_engine - INFO - Processing new order ab54db3b-a5ca-46fb-8a1e-4a37742febc4 of type OrderType.LIMIT for BTC_USD
2025-06-14 16:00:36,262 - engine.matching_engine - INFO - Found 0 activated orders to process
2025-06-14 16:00:38,519 - engine.redis_persistence - INFO - Order book state saved for BTC_USD
2025-06-14 16:01:38,553 - api.websocket - ERROR - Error in pending orders WebSocket: received 1000 (OK); then sent 1000 (OK)
Traceback (most recent call last):
  File "C:\Users\Krishnaansh Goel\OneDrive\Desktop\Projects\Goquant5\backend\api\websocket.py", line 291, in pending_orders
    await websocket.send_json(heartbeat_message)
  File "C:\Users\Krishnaansh Goel\AppData\Local\Programs\Python\Python312\Lib\site-packages\starlette\websockets.py", line 173, in send_json
    await self.send({"type": "websocket.send", "text": text})
  File "C:\Users\Krishnaansh Goel\AppData\Local\Programs\Python\Python312\Lib\site-packages\starlette\websockets.py", line 85, in send
    await self._send(message)
  File "C:\Users\Krishnaansh Goel\AppData\Local\Programs\Python\Python312\Lib\site-packages\starlette\middleware\exceptions.py", line 65, in sender
    await send(message)
  File "C:\Users\Krishnaansh Goel\AppData\Local\Programs\Python\Python312\Lib\site-packages\uvicorn\protocols\websockets\websockets_impl.py", line 320, in asgi_send
    await self.send(data)  # type: ignore[arg-type]
    ^^^^^^^^^^^^^^^^^^^^^
  File "C:\Users\Krishnaansh Goel\AppData\Local\Programs\Python\Python312\Lib\site-packages\websockets\legacy\protocol.py", line 635, in send
    await self.ensure_open()
  File "C:\Users\Krishnaansh Goel\AppData\Local\Programs\Python\Python312\Lib\site-packages\websockets\legacy\protocol.py", line 939, in ensure_open
    raise self.connection_closed_exc()
websockets.exceptions.ConnectionClosedOK: received 1000 (OK); then sent 1000 (OK)
2025-06-14 16:04:01,829 - engine.redis_persistence - INFO - Redis connection pool initialized
2025-06-14 16:04:01,830 - engine.matching_engine - INFO - MatchingEngine initialized
2025-06-14 16:04:12,316 - engine.websocket_manager - INFO - Client 7e962a17-ea23-4d9b-b9ae-4b253f9a2fe2 connected to channel pending_orders_BTC-USDT
2025-06-14 16:04:22,968 - engine.matching_engine - INFO - Processing new order 0c173a36-93a9-4716-8070-a7640cd8cc44 of type OrderType.LIMIT for BTC_USD
2025-06-14 16:04:22,971 - engine.matching_engine - INFO - Found 0 activated orders to process
2025-06-14 16:04:24,805 - engine.redis_persistence - INFO - Order book state saved for BTC_USD
2025-06-14 16:05:08,456 - engine.matching_engine - INFO - Processing new order 0b0398b6-8d85-4fa7-ab42-30f1e47e0223 of type OrderType.LIMIT for BTC_USD
2025-06-14 16:05:08,460 - engine.matching_engine - INFO - Found 0 activated orders to process
2025-06-14 16:05:08,821 - engine.redis_persistence - INFO - Order book state saved for BTC_USD
2025-06-14 16:05:39,039 - engine.websocket_manager - INFO - Client 7e962a17-ea23-4d9b-b9ae-4b253f9a2fe2 disconnected from pending_orders_BTC-USDT after 0:01:26.723143
2025-06-14 16:08:34,313 - engine.redis_persistence - INFO - Redis connection pool initialized
2025-06-14 16:08:34,313 - engine.matching_engine - INFO - MatchingEngine initialized
2025-06-14 16:08:38,311 - engine.websocket_manager - INFO - Client 0d286814-adf1-463d-99a2-5980aae8f5e5 connected to channel pending_orders_BTC-USDT
2025-06-14 16:08:43,471 - engine.matching_engine - INFO - Processing new order 5212b5af-c092-4450-9b40-8ffb5599d835 of type OrderType.LIMIT for BTC_USD
2025-06-14 16:08:43,474 - engine.matching_engine - INFO - Found 0 activated orders to process
2025-06-14 16:08:45,566 - engine.redis_persistence - INFO - Order book state saved for BTC_USD
2025-06-14 16:09:31,706 - engine.websocket_manager - INFO - Client 0d286814-adf1-463d-99a2-5980aae8f5e5 disconnected from pending_orders_BTC-USDT after 0:00:53.395009
2025-06-14 16:11:32,174 - engine.redis_persistence - INFO - Redis connection pool initialized
2025-06-14 16:11:32,176 - engine.matching_engine - INFO - MatchingEngine initialized
2025-06-14 16:11:50,410 - engine.websocket_manager - INFO - Client a39a9f59-3704-4a9a-82ca-4ee47851a9ca connected to channel pending_orders_BTC-USD
2025-06-14 16:11:50,415 - api.websocket - INFO - Sending initial pending orders for BTC-USD
2025-06-14 16:11:50,417 - api.websocket - INFO - Bids: 0, Asks: 0
2025-06-14 16:11:50,419 - engine.websocket_manager - INFO - Broadcasting order update to channel pending_orders_BTC-USD
2025-06-14 16:11:50,420 - engine.websocket_manager - INFO - Order data: {'bids': [], 'asks': [], 'timestamp': '2025-06-14T10:41:50.415707'}
2025-06-14 16:11:50,428 - engine.websocket_manager - INFO - Successfully sent order update to client a39a9f59-3704-4a9a-82ca-4ee47851a9ca
2025-06-14 16:11:56,135 - engine.matching_engine - INFO - Processing new order 4760bd5e-6eb6-4ead-b521-293b6e88a294 of type OrderType.LIMIT for BTC_USD
2025-06-14 16:11:56,138 - engine.matching_engine - INFO - Found 0 activated orders to process
2025-06-14 16:11:56,139 - engine.order_book - INFO - Adding order 4760bd5e-6eb6-4ead-b521-293b6e88a294 to BTC_USD order book
2025-06-14 16:11:56,140 - engine.order_book - INFO - Order details: side=OrderSide.BUY, price=60000.0, quantity=1.0
2025-06-14 16:11:56,142 - engine.order_book - INFO - Added buy order. Current bid levels: 1
2025-06-14 16:11:56,144 - engine.order_book - INFO - Best bid: 60000.0
2025-06-14 16:11:57,880 - engine.redis_persistence - INFO - Order book state saved for BTC_USD
2025-06-14 16:11:57,882 - engine.matching_engine - ERROR - Error broadcasting updates: 'PriceLevel' object has no attribute 'dict'
Traceback (most recent call last):
  File "C:\Users\Krishnaansh Goel\OneDrive\Desktop\Projects\Goquant5\backend\engine\matching_engine.py", line 269, in _broadcast_updates
    await broadcast_market_data(order.symbol, order_book.get_order_book_snapshot())
                                              ^^^^^^^^^^^^^^^^^^^^^^^^^^^^^^^^^^^^
  File "C:\Users\Krishnaansh Goel\OneDrive\Desktop\Projects\Goquant5\backend\engine\order_book.py", line 196, in get_order_book_snapshot
    'bids': [level.dict() for level in sorted(self.bids.values(), reverse=True)],
             ^^^^^^^^^^
AttributeError: 'PriceLevel' object has no attribute 'dict'
2025-06-14 16:12:44,714 - engine.websocket_manager - INFO - Client a39a9f59-3704-4a9a-82ca-4ee47851a9ca disconnected from pending_orders_BTC-USD after 0:00:54.305287
2025-06-14 16:13:05,431 - engine.redis_persistence - INFO - Redis connection pool initialized
2025-06-14 16:13:05,433 - engine.matching_engine - INFO - MatchingEngine initialized
2025-06-14 16:13:38,794 - engine.websocket_manager - INFO - Client 7ffff42a-47a7-4bd6-89d7-8c1c65d60139 connected to channel pending_orders_BTC_USD
2025-06-14 16:13:43,421 - engine.matching_engine - INFO - Processing new order 388a0d87-fbdb-4a9c-ae0f-f421e99dec16 of type OrderType.LIMIT for BTC_USD
2025-06-14 16:13:43,424 - engine.matching_engine - INFO - Found 0 activated orders to process
2025-06-14 16:13:45,209 - engine.redis_persistence - INFO - Order book state saved for BTC_USD
2025-06-14 16:14:07,274 - engine.matching_engine - INFO - Processing new order f653379f-4189-4b38-a63a-a4cacb0a9d9f of type OrderType.LIMIT for BTC_USD
2025-06-14 16:14:07,276 - engine.matching_engine - INFO - Found 0 activated orders to process
2025-06-14 16:14:07,278 - engine.redis_persistence - INFO - Order book state saved for BTC_USD
2025-06-14 16:14:07,630 - engine.redis_persistence - INFO - Trade a670b757-13e3-424c-9eb1-96462a6ebf0c saved
2025-06-14 16:14:49,880 - engine.websocket_manager - INFO - Client 7ffff42a-47a7-4bd6-89d7-8c1c65d60139 disconnected from pending_orders_BTC_USD after 0:01:11.086514
2025-06-14 16:16:20,602 - engine.redis_persistence - INFO - Redis connection pool initialized
2025-06-14 16:16:20,603 - engine.matching_engine - INFO - MatchingEngine initialized
2025-06-14 16:16:31,858 - engine.websocket_manager - INFO - Client 455a43ea-1e89-41d5-b791-fd1e799dba9b connected to channel pending_orders_BTC_USD
2025-06-14 16:16:37,058 - engine.matching_engine - INFO - Processing new order 7cd04280-8cc6-4aa5-975d-c10ebb27cd5b of type OrderType.LIMIT for BTC_USD
2025-06-14 16:16:37,061 - engine.matching_engine - INFO - Found 0 activated orders to process
2025-06-14 16:16:39,073 - engine.redis_persistence - INFO - Order book state saved for BTC_USD
2025-06-14 16:16:39,074 - engine.matching_engine - ERROR - Error broadcasting updates: 'bids'
Traceback (most recent call last):
  File "C:\Users\Krishnaansh Goel\OneDrive\Desktop\Projects\Goquant5\backend\engine\matching_engine.py", line 276, in _broadcast_updates
    await broadcast_order(order.symbol, {
  File "C:\Users\Krishnaansh Goel\OneDrive\Desktop\Projects\Goquant5\backend\api\websocket.py", line 214, in broadcast_order
    await ws_manager.broadcast_order(f"orders_{symbol}", order)
  File "C:\Users\Krishnaansh Goel\OneDrive\Desktop\Projects\Goquant5\backend\engine\websocket_manager.py", line 134, in broadcast_order
    "bids": order["bids"],
            ~~~~~^^^^^^^^
KeyError: 'bids'
2025-06-14 16:17:25,714 - engine.websocket_manager - INFO - Client 455a43ea-1e89-41d5-b791-fd1e799dba9b disconnected from pending_orders_BTC_USD after 0:00:53.856565
2025-06-14 16:17:44,923 - engine.redis_persistence - INFO - Redis connection pool initialized
2025-06-14 16:17:45,308 - engine.matching_engine - INFO - MatchingEngine initialized
2025-06-14 16:17:55,222 - engine.websocket_manager - INFO - Client da23a993-9df5-4f3e-a006-402d076e1b22 connected to channel pending_orders_BTC_USD
2025-06-14 16:17:55,223 - engine.websocket_manager - INFO - Client da23a993-9df5-4f3e-a006-402d076e1b22 disconnected from pending_orders_BTC_USD after 0:00:00.001573
2025-06-14 16:18:32,350 - engine.redis_persistence - INFO - Redis connection pool initialized
2025-06-14 16:18:32,350 - engine.matching_engine - INFO - MatchingEngine initialized
2025-06-14 16:18:47,332 - engine.websocket_manager - INFO - Client cc9c52f8-16a3-41ad-b047-ee1ba6e30d04 connected to channel pending_orders_BTC_USD
2025-06-14 16:18:52,118 - engine.matching_engine - INFO - Processing new order d78b8b4c-54f8-4a9c-a728-f77b1017fa63 of type OrderType.LIMIT for BTC_USD
2025-06-14 16:18:52,120 - engine.matching_engine - INFO - Found 0 activated orders to process
2025-06-14 16:18:54,241 - engine.redis_persistence - INFO - Order book state saved for BTC_USD
2025-06-14 16:18:54,244 - engine.matching_engine - ERROR - Error broadcasting updates: 'bids'
Traceback (most recent call last):
  File "C:\Users\Krishnaansh Goel\OneDrive\Desktop\Projects\Goquant5\backend\engine\matching_engine.py", line 276, in _broadcast_updates
    await broadcast_order(order.symbol, {
  File "C:\Users\Krishnaansh Goel\OneDrive\Desktop\Projects\Goquant5\backend\api\websocket.py", line 214, in broadcast_order
    await ws_manager.broadcast_order(f"orders_{symbol}", order)
  File "C:\Users\Krishnaansh Goel\OneDrive\Desktop\Projects\Goquant5\backend\engine\websocket_manager.py", line 135, in broadcast_order
    "bids": order["bids"],
            ~~~~~^^^^^^^^
KeyError: 'bids'
2025-06-14 16:19:24,426 - engine.websocket_manager - INFO - Client cc9c52f8-16a3-41ad-b047-ee1ba6e30d04 disconnected from pending_orders_BTC_USD after 0:00:37.094412
2025-06-14 16:21:54,970 - engine.websocket_manager - INFO - Client d1d7a297-414c-4fa4-b66f-9046c079cc24 connected to channel market_data_BTC-USDT
2025-06-14 16:22:10,439 - engine.websocket_manager - INFO - Client d1d7a297-414c-4fa4-b66f-9046c079cc24 disconnected from market_data_BTC-USDT after 0:00:15.468469
2025-06-14 16:22:15,020 - engine.websocket_manager - INFO - Client a052d11c-1ef0-4e76-abb0-ce9b19760611 connected to channel market_data_BTC_USD
2025-06-14 16:22:31,250 - engine.matching_engine - INFO - Processing new order adca2dda-f638-499c-8832-418f755cfbd0 of type OrderType.LIMIT for BTC_USD
2025-06-14 16:22:31,254 - engine.matching_engine - INFO - Found 0 activated orders to process
2025-06-14 16:22:31,744 - engine.redis_persistence - INFO - Order book state saved for BTC_USD
2025-06-14 16:22:31,747 - engine.matching_engine - ERROR - Error broadcasting updates: 'bids'
Traceback (most recent call last):
  File "C:\Users\Krishnaansh Goel\OneDrive\Desktop\Projects\Goquant5\backend\engine\matching_engine.py", line 276, in _broadcast_updates
    await broadcast_order(order.symbol, {
  File "C:\Users\Krishnaansh Goel\OneDrive\Desktop\Projects\Goquant5\backend\api\websocket.py", line 214, in broadcast_order
    await ws_manager.broadcast_order(f"orders_{symbol}", order)
  File "C:\Users\Krishnaansh Goel\OneDrive\Desktop\Projects\Goquant5\backend\engine\websocket_manager.py", line 135, in broadcast_order
    "bids": order["bids"],
            ~~~~~^^^^^^^^
KeyError: 'bids'
2025-06-14 16:22:44,336 - engine.matching_engine - INFO - Processing new order 3bfe388f-0ba9-4aa4-92a1-fb7021188e45 of type OrderType.LIMIT for BTC_USD
2025-06-14 16:22:44,338 - engine.matching_engine - INFO - Found 0 activated orders to process
2025-06-14 16:22:44,689 - engine.redis_persistence - INFO - Order book state saved for BTC_USD
2025-06-14 16:22:44,692 - engine.matching_engine - ERROR - Error broadcasting updates: 'bids'
Traceback (most recent call last):
  File "C:\Users\Krishnaansh Goel\OneDrive\Desktop\Projects\Goquant5\backend\engine\matching_engine.py", line 276, in _broadcast_updates
    await broadcast_order(order.symbol, {
  File "C:\Users\Krishnaansh Goel\OneDrive\Desktop\Projects\Goquant5\backend\api\websocket.py", line 214, in broadcast_order
    await ws_manager.broadcast_order(f"orders_{symbol}", order)
  File "C:\Users\Krishnaansh Goel\OneDrive\Desktop\Projects\Goquant5\backend\engine\websocket_manager.py", line 135, in broadcast_order
    "bids": order["bids"],
            ~~~~~^^^^^^^^
KeyError: 'bids'
2025-06-14 16:23:37,975 - engine.websocket_manager - INFO - Client a052d11c-1ef0-4e76-abb0-ce9b19760611 disconnected from market_data_BTC_USD after 0:01:22.954511
2025-06-14 16:24:44,296 - engine.websocket_manager - INFO - Client 9db4f7f0-cefa-4344-91af-68bd0a600882 connected to channel trades_BTC_USD
2025-06-14 16:24:44,651 - engine.websocket_manager - INFO - Client 9db4f7f0-cefa-4344-91af-68bd0a600882 disconnected from trades_BTC_USD after 0:00:00.355662
2025-06-14 16:24:47,530 - engine.redis_persistence - INFO - Redis connection pool initialized
2025-06-14 16:24:47,532 - engine.matching_engine - INFO - MatchingEngine initialized
2025-06-14 16:24:53,557 - engine.websocket_manager - INFO - Client 1fa0a3ac-e1cc-43de-bb1b-99ee4f81d93f connected to channel trades_BTC_USD
2025-06-14 16:24:55,412 - engine.websocket_manager - INFO - Client 1fa0a3ac-e1cc-43de-bb1b-99ee4f81d93f disconnected from trades_BTC_USD after 0:00:01.855336
2025-06-14 16:26:37,767 - engine.redis_persistence - INFO - Redis connection pool initialized
2025-06-14 16:26:37,768 - engine.matching_engine - INFO - MatchingEngine initialized
2025-06-14 16:26:50,545 - engine.websocket_manager - INFO - Client cae8e402-d1dc-4ed5-9ecd-ae4b3273147a connected to channel market_data_BTC_USD
2025-06-14 16:26:59,564 - engine.matching_engine - INFO - Processing new order 967d88b7-ae08-4a77-9add-2c4837cd35f3 of type OrderType.LIMIT for BTC_USD
2025-06-14 16:26:59,565 - engine.matching_engine - INFO - Found 0 activated orders to process
2025-06-14 16:27:01,297 - engine.redis_persistence - INFO - Order book state saved for BTC_USD
2025-06-14 16:27:01,297 - engine.matching_engine - ERROR - Error broadcasting updates: WebSocketManager.broadcast_market_data() missing 1 required positional argument: 'bbo'
Traceback (most recent call last):
  File "C:\Users\Krishnaansh Goel\OneDrive\Desktop\Projects\Goquant5\backend\engine\matching_engine.py", line 269, in _broadcast_updates
    await broadcast_market_data(order.symbol, order_book.get_order_book_snapshot())
  File "C:\Users\Krishnaansh Goel\OneDrive\Desktop\Projects\Goquant5\backend\api\websocket.py", line 210, in broadcast_market_data
    await ws_manager.broadcast_market_data(f"market_data_{symbol}", data)
          ^^^^^^^^^^^^^^^^^^^^^^^^^^^^^^^^^^^^^^^^^^^^^^^^^^^^^^^^^^^^^^^
TypeError: WebSocketManager.broadcast_market_data() missing 1 required positional argument: 'bbo'
2025-06-14 16:27:16,188 - engine.matching_engine - INFO - Processing new order 80c4944b-b580-4f27-bc7c-91301337ccde of type OrderType.LIMIT for BTC_USD
2025-06-14 16:27:16,189 - engine.matching_engine - INFO - Found 0 activated orders to process
2025-06-14 16:27:16,621 - engine.redis_persistence - INFO - Order book state saved for BTC_USD
2025-06-14 16:27:16,622 - engine.matching_engine - ERROR - Error broadcasting updates: WebSocketManager.broadcast_market_data() missing 1 required positional argument: 'bbo'
Traceback (most recent call last):
  File "C:\Users\Krishnaansh Goel\OneDrive\Desktop\Projects\Goquant5\backend\engine\matching_engine.py", line 269, in _broadcast_updates
    await broadcast_market_data(order.symbol, order_book.get_order_book_snapshot())
  File "C:\Users\Krishnaansh Goel\OneDrive\Desktop\Projects\Goquant5\backend\api\websocket.py", line 210, in broadcast_market_data
    await ws_manager.broadcast_market_data(f"market_data_{symbol}", data)
          ^^^^^^^^^^^^^^^^^^^^^^^^^^^^^^^^^^^^^^^^^^^^^^^^^^^^^^^^^^^^^^^
TypeError: WebSocketManager.broadcast_market_data() missing 1 required positional argument: 'bbo'
2025-06-14 16:27:46,797 - engine.websocket_manager - INFO - Client cae8e402-d1dc-4ed5-9ecd-ae4b3273147a disconnected from market_data_BTC_USD after 0:00:56.251911
2025-06-14 16:28:02,656 - engine.redis_persistence - INFO - Redis connection pool initialized
2025-06-14 16:28:02,657 - engine.matching_engine - INFO - MatchingEngine initialized
2025-06-14 16:29:09,796 - engine.websocket_manager - INFO - Client 9511e176-085a-4c80-9128-e6cc69f81b09 connected to channel market_data_BTC_USD
2025-06-14 16:29:14,450 - engine.matching_engine - INFO - Processing new order 7bd6150e-2899-4c6c-a8e4-ebc5d852175e of type OrderType.LIMIT for BTC_USD
2025-06-14 16:29:14,452 - engine.matching_engine - INFO - Found 0 activated orders to process
2025-06-14 16:29:16,151 - engine.redis_persistence - INFO - Order book state saved for BTC_USD
2025-06-14 16:29:16,153 - engine.matching_engine - ERROR - Error broadcasting updates: broadcast_market_data() takes 1 positional argument but 2 were given
Traceback (most recent call last):
  File "C:\Users\Krishnaansh Goel\OneDrive\Desktop\Projects\Goquant5\backend\engine\matching_engine.py", line 269, in _broadcast_updates
    await broadcast_market_data(order.symbol, order_book.get_order_book_snapshot())
          ^^^^^^^^^^^^^^^^^^^^^^^^^^^^^^^^^^^^^^^^^^^^^^^^^^^^^^^^^^^^^^^^^^^^^^^^^
TypeError: broadcast_market_data() takes 1 positional argument but 2 were given
2025-06-14 16:29:23,641 - engine.matching_engine - INFO - Processing new order 8d56fdff-9e70-4b81-8861-65b3683f61e1 of type OrderType.LIMIT for BTC_USD
2025-06-14 16:29:23,642 - engine.matching_engine - INFO - Found 0 activated orders to process
2025-06-14 16:29:24,008 - engine.redis_persistence - INFO - Order book state saved for BTC_USD
2025-06-14 16:29:24,009 - engine.matching_engine - ERROR - Error broadcasting updates: broadcast_market_data() takes 1 positional argument but 2 were given
Traceback (most recent call last):
  File "C:\Users\Krishnaansh Goel\OneDrive\Desktop\Projects\Goquant5\backend\engine\matching_engine.py", line 269, in _broadcast_updates
    await broadcast_market_data(order.symbol, order_book.get_order_book_snapshot())
          ^^^^^^^^^^^^^^^^^^^^^^^^^^^^^^^^^^^^^^^^^^^^^^^^^^^^^^^^^^^^^^^^^^^^^^^^^
TypeError: broadcast_market_data() takes 1 positional argument but 2 were given
2025-06-14 16:29:58,345 - engine.websocket_manager - INFO - Client 9511e176-085a-4c80-9128-e6cc69f81b09 disconnected from market_data_BTC_USD after 0:00:48.548864
2025-06-14 16:30:00,339 - engine.redis_persistence - INFO - Redis connection pool initialized
2025-06-14 16:30:00,341 - engine.matching_engine - INFO - MatchingEngine initialized
2025-06-14 16:30:06,958 - engine.matching_engine - INFO - Processing new order 50219adb-817c-4c45-95ba-18dab9ace57b of type OrderType.LIMIT for BTC_USD
2025-06-14 16:30:06,964 - engine.matching_engine - INFO - Found 0 activated orders to process
2025-06-14 16:30:08,480 - engine.redis_persistence - INFO - Order book state saved for BTC_USD
2025-06-14 16:30:08,483 - engine.matching_engine - ERROR - Error broadcasting updates: name 'data' is not defined
Traceback (most recent call last):
  File "C:\Users\Krishnaansh Goel\OneDrive\Desktop\Projects\Goquant5\backend\engine\matching_engine.py", line 276, in _broadcast_updates
    await broadcast_order(order.symbol, {
  File "C:\Users\Krishnaansh Goel\OneDrive\Desktop\Projects\Goquant5\backend\api\websocket.py", line 216, in broadcast_order
    await ws_manager.broadcast_order(f"orders_{symbol}", order)
  File "C:\Users\Krishnaansh Goel\OneDrive\Desktop\Projects\Goquant5\backend\engine\websocket_manager.py", line 135, in broadcast_order
    "data": data,
            ^^^^
NameError: name 'data' is not defined
2025-06-14 16:30:30,365 - engine.redis_persistence - INFO - Redis connection pool initialized
2025-06-14 16:30:30,366 - engine.matching_engine - INFO - MatchingEngine initialized
2025-06-14 16:30:35,540 - engine.matching_engine - INFO - Processing new order 7b515947-2376-40e1-a1bc-4d1002904458 of type OrderType.LIMIT for BTC_USD
2025-06-14 16:30:35,541 - engine.matching_engine - INFO - Found 0 activated orders to process
2025-06-14 16:30:37,160 - engine.redis_persistence - INFO - Order book state saved for BTC_USD
2025-06-14 16:30:37,161 - engine.matching_engine - ERROR - Error broadcasting updates: WebSocketManager.broadcast_order() missing 1 required positional argument: 'data'
Traceback (most recent call last):
  File "C:\Users\Krishnaansh Goel\OneDrive\Desktop\Projects\Goquant5\backend\engine\matching_engine.py", line 276, in _broadcast_updates
    await broadcast_order(order.symbol, {
  File "C:\Users\Krishnaansh Goel\OneDrive\Desktop\Projects\Goquant5\backend\api\websocket.py", line 216, in broadcast_order
    await ws_manager.broadcast_order(f"orders_{symbol}", order)
          ^^^^^^^^^^^^^^^^^^^^^^^^^^^^^^^^^^^^^^^^^^^^^^^^^^^^^
TypeError: WebSocketManager.broadcast_order() missing 1 required positional argument: 'data'
2025-06-14 16:31:02,635 - engine.redis_persistence - INFO - Redis connection pool initialized
2025-06-14 16:31:02,637 - engine.matching_engine - INFO - MatchingEngine initialized
2025-06-14 16:31:09,397 - engine.matching_engine - INFO - Processing new order bd6f428e-c59d-447b-ac06-bcc3549ecf60 of type OrderType.LIMIT for BTC_USD
2025-06-14 16:31:09,402 - engine.matching_engine - INFO - Found 0 activated orders to process
2025-06-14 16:31:10,962 - engine.redis_persistence - INFO - Order book state saved for BTC_USD
2025-06-14 16:31:10,963 - engine.matching_engine - ERROR - Error broadcasting updates: cannot import name 'broadcast_order' from 'api.websocket' (C:\Users\Krishnaansh Goel\OneDrive\Desktop\Projects\Goquant5\backend\api\websocket.py)
Traceback (most recent call last):
  File "C:\Users\Krishnaansh Goel\OneDrive\Desktop\Projects\Goquant5\backend\engine\matching_engine.py", line 265, in _broadcast_updates
    from api.websocket import broadcast_market_data, broadcast_trade, broadcast_order
ImportError: cannot import name 'broadcast_order' from 'api.websocket' (C:\Users\Krishnaansh Goel\OneDrive\Desktop\Projects\Goquant5\backend\api\websocket.py)
2025-06-14 16:32:26,716 - engine.redis_persistence - INFO - Redis connection pool initialized
2025-06-14 16:32:26,717 - engine.matching_engine - INFO - MatchingEngine initialized
2025-06-14 16:32:33,694 - engine.matching_engine - INFO - Processing new order 9c65d02d-1724-4cde-8aa5-49c1f0bdf20d of type OrderType.LIMIT for BTC_USD
2025-06-14 16:32:33,696 - engine.matching_engine - INFO - Found 0 activated orders to process
2025-06-14 16:32:35,527 - engine.redis_persistence - INFO - Order book state saved for BTC_USD
2025-06-14 16:32:35,528 - engine.matching_engine - ERROR - Error broadcasting updates: broadcast_order() missing 1 required positional argument: 'data'
Traceback (most recent call last):
  File "C:\Users\Krishnaansh Goel\OneDrive\Desktop\Projects\Goquant5\backend\engine\matching_engine.py", line 276, in _broadcast_updates
    await broadcast_order(order.symbol, {
          ^^^^^^^^^^^^^^^^^^^^^^^^^^^^^^^
TypeError: broadcast_order() missing 1 required positional argument: 'data'
2025-06-14 16:32:56,862 - engine.redis_persistence - INFO - Redis connection pool initialized
2025-06-14 16:32:56,862 - engine.matching_engine - INFO - MatchingEngine initialized
2025-06-14 16:32:59,032 - engine.matching_engine - INFO - Processing new order 8e8c3c87-52d8-4298-80f5-ecf1e9ee1837 of type OrderType.LIMIT for BTC_USD
2025-06-14 16:32:59,034 - engine.matching_engine - INFO - Found 0 activated orders to process
2025-06-14 16:33:00,638 - engine.redis_persistence - INFO - Order book state saved for BTC_USD
2025-06-14 16:33:09,562 - engine.websocket_manager - INFO - Client 39592ff5-7afd-4005-aa3e-5cea1ae6b237 connected to channel market_data_BTC_USD
2025-06-14 16:33:09,569 - engine.websocket_manager - INFO - Client 39592ff5-7afd-4005-aa3e-5cea1ae6b237 disconnected from market_data_BTC_USD after 0:00:00.006728
2025-06-14 16:34:36,901 - engine.redis_persistence - INFO - Redis connection pool initialized
2025-06-14 16:34:36,901 - engine.matching_engine - INFO - MatchingEngine initialized
2025-06-14 16:34:48,874 - engine.websocket_manager - INFO - Client dc46a9fb-f90a-4f53-b001-80b07c910a9e connected to channel market_data_BTC_USD
2025-06-14 16:34:55,202 - engine.matching_engine - INFO - Processing new order ce9e297a-2b18-497b-99ef-957d1e1d6036 of type OrderType.LIMIT for BTC_USD
2025-06-14 16:34:55,206 - engine.matching_engine - INFO - Found 0 activated orders to process
2025-06-14 16:34:57,122 - engine.redis_persistence - INFO - Order book state saved for BTC_USD
2025-06-14 16:35:15,995 - engine.matching_engine - INFO - Processing new order 4c5eb887-31e8-4fb9-9e45-e5b11c452d88 of type OrderType.LIMIT for BTC_USD
2025-06-14 16:35:15,996 - engine.matching_engine - INFO - Found 0 activated orders to process
2025-06-14 16:35:16,336 - engine.redis_persistence - INFO - Order book state saved for BTC_USD
2025-06-14 16:35:24,607 - engine.websocket_manager - INFO - Client f53edfd0-08ed-41c4-9160-b4fec104c815 connected to channel trades_BTC_USD
2025-06-14 16:35:24,967 - engine.websocket_manager - INFO - Client f53edfd0-08ed-41c4-9160-b4fec104c815 disconnected from trades_BTC_USD after 0:00:00.359941
2025-06-14 16:36:07,701 - engine.websocket_manager - INFO - Client dc46a9fb-f90a-4f53-b001-80b07c910a9e disconnected from market_data_BTC_USD after 0:01:18.827191
2025-06-14 16:38:02,267 - engine.redis_persistence - INFO - Redis connection pool initialized
2025-06-14 16:38:02,268 - engine.matching_engine - INFO - MatchingEngine initialized
2025-06-14 16:38:18,513 - engine.websocket_manager - INFO - Client 436e2a0c-6fef-44f9-a61f-81716bd7cef5 connected to channel trades_BTC_USD
2025-06-14 16:38:20,591 - engine.websocket_manager - INFO - Client 436e2a0c-6fef-44f9-a61f-81716bd7cef5 disconnected from trades_BTC_USD after 0:00:02.077952
2025-06-14 16:38:23,884 - engine.websocket_manager - INFO - Client affd5262-9b9e-485c-b736-e48159a7eda7 connected to channel market_data_BTC_USD
2025-06-14 16:38:28,945 - engine.matching_engine - INFO - Processing new order ecc7bece-1ac8-49f7-b552-f7499cae7fa6 of type OrderType.LIMIT for BTC_USD
2025-06-14 16:38:28,949 - engine.matching_engine - INFO - Found 0 activated orders to process
2025-06-14 16:38:29,311 - engine.redis_persistence - INFO - Order book state saved for BTC_USD
2025-06-14 16:38:51,105 - engine.matching_engine - INFO - Processing new order 5b0f71ed-0282-4606-8ff6-869cf4624bc0 of type OrderType.LIMIT for BTC_USD
2025-06-14 16:38:51,107 - engine.matching_engine - INFO - Found 0 activated orders to process
2025-06-14 16:38:51,109 - engine.redis_persistence - INFO - Order book state saved for BTC_USD
2025-06-14 16:38:51,460 - engine.redis_persistence - INFO - Trade c8aa3d33-2343-42b4-a3b1-f8ffe2fe51c8 saved
2025-06-14 16:40:02,709 - engine.websocket_manager - INFO - Client affd5262-9b9e-485c-b736-e48159a7eda7 disconnected from market_data_BTC_USD after 0:01:38.826053
2025-06-14 16:41:16,067 - engine.redis_persistence - INFO - Redis connection pool initialized
2025-06-14 16:41:16,068 - engine.matching_engine - INFO - MatchingEngine initialized
2025-06-14 16:41:27,143 - engine.websocket_manager - INFO - Client 8bf253bc-2a0b-4c9f-94e6-0f6bf010d52f connected to channel market_data_BTC_USD
2025-06-14 16:41:33,538 - engine.matching_engine - INFO - Processing new order d7d019a4-b42b-4f3b-8e01-e28b87187c2a of type OrderType.LIMIT for BTC_USD
2025-06-14 16:41:33,542 - engine.matching_engine - INFO - Found 0 activated orders to process
2025-06-14 16:41:35,739 - engine.redis_persistence - INFO - Order book state saved for BTC_USD
2025-06-14 16:41:49,525 - engine.matching_engine - INFO - Processing new order a79e44cf-97d6-4d86-8ff3-7fddb5e7bd98 of type OrderType.LIMIT for BTC_USD
2025-06-14 16:41:49,527 - engine.matching_engine - INFO - Found 0 activated orders to process
2025-06-14 16:41:49,529 - engine.redis_persistence - INFO - Order book state saved for BTC_USD
2025-06-14 16:41:49,882 - engine.redis_persistence - INFO - Trade 09bf5db7-865b-4a47-bf36-9824a8f22472 saved
2025-06-14 16:42:21,314 - engine.websocket_manager - INFO - Client 8bf253bc-2a0b-4c9f-94e6-0f6bf010d52f disconnected from market_data_BTC_USD after 0:00:54.171622
2025-06-14 16:43:32,286 - engine.redis_persistence - INFO - Redis connection pool initialized
2025-06-14 16:43:32,287 - engine.matching_engine - INFO - MatchingEngine initialized
2025-06-14 16:43:43,289 - engine.websocket_manager - INFO - Client 22c25cb7-ed3a-47fd-9cc3-722083c411ce connected to channel market_data_BTC_USD
2025-06-14 16:43:48,710 - engine.matching_engine - INFO - Processing new order 232697e3-6468-4bf8-8cf7-0a63410a8e3a of type OrderType.LIMIT for BTC_USD
2025-06-14 16:43:48,713 - engine.matching_engine - INFO - Found 0 activated orders to process
2025-06-14 16:43:50,414 - engine.redis_persistence - INFO - Order book state saved for BTC_USD
2025-06-14 16:44:03,558 - engine.matching_engine - INFO - Processing new order 533760af-0a75-480b-b6f5-a3bb45e1cd62 of type OrderType.LIMIT for BTC_USD
2025-06-14 16:44:03,563 - engine.matching_engine - INFO - Found 0 activated orders to process
2025-06-14 16:44:03,566 - engine.redis_persistence - INFO - Order book state saved for BTC_USD
2025-06-14 16:44:03,916 - engine.redis_persistence - INFO - Trade 4573514d-8768-4741-839d-17a5d91da44d saved
2025-06-14 16:44:03,918 - engine.order_book - INFO - Removing order 533760af-0a75-480b-b6f5-a3bb45e1cd62 from order book
2025-06-14 16:44:03,919 - engine.order_book - WARNING - Order 533760af-0a75-480b-b6f5-a3bb45e1cd62 not found in order book
2025-06-14 16:44:03,920 - engine.order_book - INFO - Removing order 232697e3-6468-4bf8-8cf7-0a63410a8e3a from order book
2025-06-14 16:44:03,921 - engine.order_book - WARNING - Order 232697e3-6468-4bf8-8cf7-0a63410a8e3a not found in order book
2025-06-14 16:44:35,013 - engine.websocket_manager - INFO - Client 22c25cb7-ed3a-47fd-9cc3-722083c411ce disconnected from market_data_BTC_USD after 0:00:51.723813
2025-06-14 16:45:11,776 - engine.redis_persistence - INFO - Redis connection pool initialized
2025-06-14 16:45:11,777 - engine.matching_engine - INFO - MatchingEngine initialized
2025-06-14 16:45:25,621 - engine.matching_engine - INFO - Processing new order 7e89cb40-9b75-4959-917a-9e579f138d64 of type OrderType.LIMIT for BTC_USD
2025-06-14 16:45:25,625 - engine.matching_engine - INFO - Found 0 activated orders to process
2025-06-14 16:45:27,711 - engine.redis_persistence - INFO - Order book state saved for BTC_USD
2025-06-14 16:45:49,811 - engine.websocket_manager - INFO - Client 7a784ab0-64f2-445b-a136-8d72fac5e2f9 connected to channel market_data_BTC_USD
2025-06-14 16:46:08,969 - engine.matching_engine - INFO - Processing new order eac3a0d1-52f2-4e51-8215-18556cba3bd2 of type OrderType.LIMIT for BTC_USD
2025-06-14 16:46:08,972 - engine.matching_engine - INFO - Found 0 activated orders to process
2025-06-14 16:46:09,332 - engine.redis_persistence - INFO - Order book state saved for BTC_USD
2025-06-14 16:46:09,335 - engine.matching_engine - ERROR - Error broadcasting updates: '<' not supported between instances of 'PriceLevel' and 'PriceLevel'
Traceback (most recent call last):
  File "C:\Users\Krishnaansh Goel\OneDrive\Desktop\Projects\Goquant5\backend\engine\matching_engine.py", line 286, in _broadcast_updates
    pending_orders = order_book.get_pending_orders()
                     ^^^^^^^^^^^^^^^^^^^^^^^^^^^^^^^
  File "C:\Users\Krishnaansh Goel\OneDrive\Desktop\Projects\Goquant5\backend\engine\order_book.py", line 298, in get_pending_orders
    for level in sorted(self.bids.values(), reverse=True)
                 ^^^^^^^^^^^^^^^^^^^^^^^^^^^^^^^^^^^^^^^^
TypeError: '<' not supported between instances of 'PriceLevel' and 'PriceLevel'
2025-06-14 16:47:08,729 - engine.websocket_manager - INFO - Client 7a784ab0-64f2-445b-a136-8d72fac5e2f9 disconnected from market_data_BTC_USD after 0:01:18.917674
2025-06-14 16:47:14,300 - engine.redis_persistence - INFO - Redis connection pool initialized
2025-06-14 16:47:14,302 - engine.matching_engine - INFO - MatchingEngine initialized
2025-06-14 16:47:17,548 - engine.redis_persistence - INFO - Redis connection pool initialized
2025-06-14 16:47:17,549 - engine.matching_engine - INFO - MatchingEngine initialized
2025-06-14 16:47:36,474 - engine.matching_engine - INFO - Processing new order 0dc3b687-1090-446a-969a-6b39ccc7953e of type OrderType.LIMIT for BTC_USD
2025-06-14 16:47:36,478 - engine.matching_engine - INFO - Found 0 activated orders to process
2025-06-14 16:47:38,116 - engine.redis_persistence - INFO - Order book state saved for BTC_USD
2025-06-14 16:47:51,679 - engine.matching_engine - INFO - Processing new order 2810969a-aa2c-4829-af73-6b987e55c40e of type OrderType.LIMIT for BTC_USD
2025-06-14 16:47:51,681 - engine.matching_engine - INFO - Found 0 activated orders to process
2025-06-14 16:47:52,054 - engine.redis_persistence - INFO - Order book state saved for BTC_USD
2025-06-14 16:48:26,481 - engine.websocket_manager - INFO - Client 2915e218-6650-4e1f-af6c-31eacbb33ea1 connected to channel market_data_BTC_USD
2025-06-14 16:48:47,958 - engine.matching_engine - INFO - Processing new order 4914e412-4c3b-4441-ab43-a136c3909182 of type OrderType.LIMIT for BTC_USD
2025-06-14 16:48:47,961 - engine.matching_engine - INFO - Found 0 activated orders to process
2025-06-14 16:48:48,306 - engine.redis_persistence - INFO - Order book state saved for BTC_USD
2025-06-14 16:48:48,654 - engine.redis_persistence - INFO - Trade 574b67d3-5afe-4d1f-9d9a-13ea914c49aa saved
2025-06-14 16:48:48,655 - engine.order_book - INFO - Removing order 0dc3b687-1090-446a-969a-6b39ccc7953e from order book
2025-06-14 16:48:48,656 - engine.order_book - WARNING - Order 0dc3b687-1090-446a-969a-6b39ccc7953e not found in order book
2025-06-14 16:48:48,657 - engine.order_book - INFO - Removing order 4914e412-4c3b-4441-ab43-a136c3909182 from order book
2025-06-14 16:48:48,658 - engine.order_book - WARNING - Order 4914e412-4c3b-4441-ab43-a136c3909182 not found in order book
2025-06-14 16:49:39,591 - engine.websocket_manager - INFO - Client 2915e218-6650-4e1f-af6c-31eacbb33ea1 disconnected from market_data_BTC_USD after 0:01:13.109722
2025-06-14 16:50:12,805 - engine.redis_persistence - INFO - Redis connection pool initialized
2025-06-14 16:50:12,806 - engine.matching_engine - INFO - MatchingEngine initialized
2025-06-14 16:50:33,014 - engine.matching_engine - INFO - Processing new order e009e15c-78a3-4b17-a88a-7f30d33ba9aa of type OrderType.LIMIT for BTC_USD
2025-06-14 16:50:33,017 - engine.matching_engine - INFO - Found 0 activated orders to process
2025-06-14 16:50:35,222 - engine.redis_persistence - INFO - Order book state saved for BTC_USD
2025-06-14 16:50:35,223 - engine.matching_engine - INFO - Current BBO for BTC_USD: {'best_bid': None, 'best_bid_quantity': None, 'best_ask': 60000.0, 'best_ask_quantity': 1.0, 'timestamp': '2025-06-14T11:20:35.223504'}
2025-06-14 16:50:35,224 - engine.matching_engine - INFO - Updated BBO for BTC_USD: {'best_bid': None, 'best_bid_quantity': None, 'best_ask': 60000.0, 'best_ask_quantity': 1.0, 'timestamp': '2025-06-14T11:20:35.223504'}
2025-06-14 16:50:39,216 - engine.websocket_manager - INFO - Client 1acd4972-f6cb-47c7-b861-23b4f8bf849e connected to channel market_data_BTC_USD
2025-06-14 16:50:39,217 - engine.matching_engine - INFO - Current BBO for BTC_USD: {'best_bid': None, 'best_bid_quantity': None, 'best_ask': 60000.0, 'best_ask_quantity': 1.0, 'timestamp': '2025-06-14T11:20:39.217212'}
2025-06-14 16:50:47,612 - engine.matching_engine - INFO - Processing new order 6199d484-414b-4306-be30-d97ea9605070 of type OrderType.LIMIT for BTC_USD
2025-06-14 16:50:47,613 - engine.matching_engine - INFO - Found 0 activated orders to process
2025-06-14 16:50:47,969 - engine.redis_persistence - INFO - Order book state saved for BTC_USD
2025-06-14 16:50:47,970 - engine.matching_engine - INFO - Current BBO for BTC_USD: {'best_bid': None, 'best_bid_quantity': None, 'best_ask': 50000.0, 'best_ask_quantity': 1.0, 'timestamp': '2025-06-14T11:20:47.970947'}
2025-06-14 16:50:47,971 - engine.matching_engine - INFO - Updated BBO for BTC_USD: {'best_bid': None, 'best_bid_quantity': None, 'best_ask': 50000.0, 'best_ask_quantity': 1.0, 'timestamp': '2025-06-14T11:20:47.970947'}
2025-06-14 16:51:17,726 - engine.matching_engine - INFO - Processing new order 1aafd33e-f0b9-4031-90f0-04086997d13a of type OrderType.MARKET for BTC_USD
2025-06-14 16:51:17,727 - engine.matching_engine - INFO - Found 0 activated orders to process
2025-06-14 16:51:18,065 - engine.redis_persistence - INFO - Order book state saved for BTC_USD
2025-06-14 16:51:18,406 - engine.redis_persistence - INFO - Trade 73e2eff0-d8dd-429a-9613-b1fc2878eb5c saved
2025-06-14 16:51:18,408 - engine.order_book - INFO - Removing order 1aafd33e-f0b9-4031-90f0-04086997d13a from order book
2025-06-14 16:51:18,408 - engine.order_book - WARNING - Order 1aafd33e-f0b9-4031-90f0-04086997d13a not found in order book
2025-06-14 16:51:18,409 - engine.order_book - INFO - Removing order 6199d484-414b-4306-be30-d97ea9605070 from order book
2025-06-14 16:51:18,411 - engine.order_book - WARNING - Order 6199d484-414b-4306-be30-d97ea9605070 not found in order book
2025-06-14 16:51:18,412 - engine.matching_engine - INFO - Current BBO for BTC_USD: {'best_bid': None, 'best_bid_quantity': None, 'best_ask': 50000.0, 'best_ask_quantity': 1.0, 'timestamp': '2025-06-14T11:21:18.412478'}
2025-06-14 16:51:18,413 - engine.matching_engine - INFO - Updated BBO for BTC_USD: {'best_bid': None, 'best_bid_quantity': None, 'best_ask': 50000.0, 'best_ask_quantity': 1.0, 'timestamp': '2025-06-14T11:21:18.412478'}
2025-06-14 16:52:11,756 - engine.websocket_manager - INFO - Client 1acd4972-f6cb-47c7-b861-23b4f8bf849e disconnected from market_data_BTC_USD after 0:01:32.540441
2025-06-14 16:52:32,432 - engine.redis_persistence - INFO - Redis connection pool initialized
2025-06-14 16:52:32,433 - engine.matching_engine - INFO - MatchingEngine initialized
2025-06-14 16:52:50,167 - engine.matching_engine - INFO - Processing new order 7927bea9-5985-4935-96e7-694c13106ad7 of type OrderType.LIMIT for BTC_USD
2025-06-14 16:52:50,169 - engine.matching_engine - INFO - Found 0 activated orders to process
2025-06-14 16:52:52,763 - engine.redis_persistence - INFO - Order book state saved for BTC_USD
2025-06-14 16:52:52,765 - engine.matching_engine - INFO - Current BBO for BTC_USD: {'best_bid': 50000.0, 'best_bid_quantity': 1.0, 'best_ask': None, 'best_ask_quantity': None, 'timestamp': '2025-06-14T11:22:52.765138'}
2025-06-14 16:52:52,765 - engine.matching_engine - INFO - Updated BBO for BTC_USD: {'best_bid': 50000.0, 'best_bid_quantity': 1.0, 'best_ask': None, 'best_ask_quantity': None, 'timestamp': '2025-06-14T11:22:52.765138'}
2025-06-14 16:53:10,790 - engine.websocket_manager - INFO - Client e4e1f4d3-3685-4174-9e48-60cf5e343580 connected to channel market_data_BTC_USD
2025-06-14 16:53:10,791 - engine.matching_engine - INFO - Current BBO for BTC_USD: {'best_bid': 50000.0, 'best_bid_quantity': 1.0, 'best_ask': None, 'best_ask_quantity': None, 'timestamp': '2025-06-14T11:23:10.791274'}
2025-06-14 16:53:22,804 - engine.matching_engine - INFO - Processing new order 1e5e85ce-b616-4235-bd99-247494624763 of type OrderType.LIMIT for BTC_USD
2025-06-14 16:53:22,805 - engine.matching_engine - INFO - Found 0 activated orders to process
2025-06-14 16:53:23,162 - engine.redis_persistence - INFO - Order book state saved for BTC_USD
2025-06-14 16:53:23,162 - engine.matching_engine - INFO - Current BBO for BTC_USD: {'best_bid': 60000.0, 'best_bid_quantity': 1.0, 'best_ask': None, 'best_ask_quantity': None, 'timestamp': '2025-06-14T11:23:23.162802'}
2025-06-14 16:53:23,163 - engine.matching_engine - INFO - Updated BBO for BTC_USD: {'best_bid': 60000.0, 'best_bid_quantity': 1.0, 'best_ask': None, 'best_ask_quantity': None, 'timestamp': '2025-06-14T11:23:23.162802'}
2025-06-14 16:53:37,353 - engine.matching_engine - INFO - Processing new order d3a19f15-afb4-4b10-af65-c3d2462b50c9 of type OrderType.LIMIT for BTC_USD
2025-06-14 16:53:37,353 - engine.matching_engine - INFO - Found 0 activated orders to process
2025-06-14 16:53:37,711 - engine.redis_persistence - INFO - Order book state saved for BTC_USD
2025-06-14 16:53:38,072 - engine.redis_persistence - INFO - Trade ae23371a-b355-4191-a633-fc22a61eabe9 saved
2025-06-14 16:53:38,073 - engine.order_book - INFO - Removing order 1e5e85ce-b616-4235-bd99-247494624763 from order book
2025-06-14 16:53:38,073 - engine.order_book - WARNING - Order 1e5e85ce-b616-4235-bd99-247494624763 not found in order book
2025-06-14 16:53:38,074 - engine.order_book - INFO - Removing order d3a19f15-afb4-4b10-af65-c3d2462b50c9 from order book
2025-06-14 16:53:38,075 - engine.order_book - WARNING - Order d3a19f15-afb4-4b10-af65-c3d2462b50c9 not found in order book
2025-06-14 16:53:38,075 - engine.matching_engine - INFO - Current BBO for BTC_USD: {'best_bid': 60000.0, 'best_bid_quantity': 1.0, 'best_ask': None, 'best_ask_quantity': None, 'timestamp': '2025-06-14T11:23:38.075298'}
2025-06-14 16:53:38,075 - engine.matching_engine - INFO - Updated BBO for BTC_USD: {'best_bid': 60000.0, 'best_bid_quantity': 1.0, 'best_ask': None, 'best_ask_quantity': None, 'timestamp': '2025-06-14T11:23:38.075298'}
2025-06-14 16:54:30,716 - engine.websocket_manager - INFO - Client e4e1f4d3-3685-4174-9e48-60cf5e343580 disconnected from market_data_BTC_USD after 0:01:19.925821
2025-06-14 16:56:00,167 - engine.redis_persistence - INFO - Redis connection pool initialized
2025-06-14 16:56:00,168 - engine.matching_engine - INFO - MatchingEngine initialized
2025-06-14 16:56:12,479 - engine.matching_engine - INFO - Processing new order 37947d48-6192-4185-9682-4deb91ccdd99 of type OrderType.LIMIT for BTC_USD
2025-06-14 16:56:12,484 - engine.matching_engine - INFO - Found 0 activated orders to process
2025-06-14 16:56:14,374 - engine.redis_persistence - INFO - Order book state saved for BTC_USD
2025-06-14 16:56:14,376 - engine.matching_engine - INFO - Current BBO for BTC_USD: {'best_bid': None, 'best_bid_quantity': None, 'best_ask': 60000.0, 'best_ask_quantity': 1.0, 'timestamp': '2025-06-14T11:26:14.376237'}
2025-06-14 16:56:14,376 - engine.matching_engine - INFO - Updated BBO for BTC_USD: {'best_bid': None, 'best_bid_quantity': None, 'best_ask': 60000.0, 'best_ask_quantity': 1.0, 'timestamp': '2025-06-14T11:26:14.376237'}
2025-06-14 16:56:19,186 - engine.matching_engine - INFO - Processing new order 78451a5c-5397-45e4-98c6-3ad5ac940755 of type OrderType.LIMIT for BTC_USD
2025-06-14 16:56:19,187 - engine.matching_engine - INFO - Found 0 activated orders to process
2025-06-14 16:56:19,544 - engine.redis_persistence - INFO - Order book state saved for BTC_USD
2025-06-14 16:56:19,545 - engine.matching_engine - INFO - Current BBO for BTC_USD: {'best_bid': None, 'best_bid_quantity': None, 'best_ask': 50000.0, 'best_ask_quantity': 1.0, 'timestamp': '2025-06-14T11:26:19.545529'}
2025-06-14 16:56:19,546 - engine.matching_engine - INFO - Updated BBO for BTC_USD: {'best_bid': None, 'best_bid_quantity': None, 'best_ask': 50000.0, 'best_ask_quantity': 1.0, 'timestamp': '2025-06-14T11:26:19.545529'}
2025-06-14 16:56:31,832 - engine.matching_engine - INFO - Processing new order 0bb8b4d2-9a6a-4a91-84b8-cc4d02b17c56 of type OrderType.LIMIT for BTC_USD
2025-06-14 16:56:31,833 - engine.matching_engine - INFO - Found 0 activated orders to process
2025-06-14 16:56:32,169 - engine.redis_persistence - INFO - Order book state saved for BTC_USD
2025-06-14 16:56:32,520 - engine.redis_persistence - INFO - Trade 56ea97c1-a44a-4ccb-97dc-3b9b68a9e33b saved
2025-06-14 16:56:32,521 - engine.order_book - INFO - Removing order 0bb8b4d2-9a6a-4a91-84b8-cc4d02b17c56 from order book
2025-06-14 16:56:32,523 - engine.order_book - WARNING - Order 0bb8b4d2-9a6a-4a91-84b8-cc4d02b17c56 not found in order book
2025-06-14 16:56:32,525 - engine.order_book - INFO - Removing order 78451a5c-5397-45e4-98c6-3ad5ac940755 from order book
2025-06-14 16:56:32,526 - engine.order_book - WARNING - Order 78451a5c-5397-45e4-98c6-3ad5ac940755 not found in order book
2025-06-14 16:56:32,527 - engine.matching_engine - INFO - Current BBO for BTC_USD: {'best_bid': None, 'best_bid_quantity': None, 'best_ask': 50000.0, 'best_ask_quantity': 1.0, 'timestamp': '2025-06-14T11:26:32.527742'}
2025-06-14 16:56:32,529 - engine.matching_engine - INFO - Updated BBO for BTC_USD: {'best_bid': None, 'best_bid_quantity': None, 'best_ask': 50000.0, 'best_ask_quantity': 1.0, 'timestamp': '2025-06-14T11:26:32.527742'}
2025-06-14 17:01:02,510 - engine.redis_persistence - INFO - Redis connection pool initialized
2025-06-14 17:01:02,514 - engine.matching_engine - INFO - MatchingEngine initialized
2025-06-14 17:04:16,920 - engine.redis_persistence - INFO - Redis connection pool initialized
2025-06-14 17:04:16,921 - engine.matching_engine - INFO - MatchingEngine initialized
2025-06-14 17:04:39,665 - engine.matching_engine - INFO - Processing new order aa6538b3-d7b4-48a6-9006-8edb586d40e9 of type OrderType.LIMIT for BTC_USD
2025-06-14 17:04:39,669 - engine.matching_engine - INFO - Found 0 activated orders to process
2025-06-14 17:04:41,388 - engine.redis_persistence - INFO - Order book state saved for BTC_USD
2025-06-14 17:04:41,390 - engine.matching_engine - INFO - Current BBO for BTC_USD: {'best_bid': 50000.0, 'best_bid_quantity': 1.0, 'best_ask': None, 'best_ask_quantity': None, 'timestamp': '2025-06-14T11:34:41.390052'}
2025-06-14 17:04:41,391 - engine.matching_engine - INFO - Updated BBO for BTC_USD: {'best_bid': 50000.0, 'best_bid_quantity': 1.0, 'best_ask': None, 'best_ask_quantity': None, 'timestamp': '2025-06-14T11:34:41.390052'}
2025-06-14 17:04:45,371 - engine.matching_engine - INFO - Processing new order 30de4827-b643-48fa-91b4-a7a2f2fc981f of type OrderType.LIMIT for BTC_USD
2025-06-14 17:04:45,372 - engine.matching_engine - INFO - Found 0 activated orders to process
2025-06-14 17:04:45,701 - engine.redis_persistence - INFO - Order book state saved for BTC_USD
2025-06-14 17:04:45,703 - engine.matching_engine - INFO - Current BBO for BTC_USD: {'best_bid': 60000.0, 'best_bid_quantity': 1.0, 'best_ask': None, 'best_ask_quantity': None, 'timestamp': '2025-06-14T11:34:45.703963'}
2025-06-14 17:04:45,710 - engine.matching_engine - INFO - Updated BBO for BTC_USD: {'best_bid': 60000.0, 'best_bid_quantity': 1.0, 'best_ask': None, 'best_ask_quantity': None, 'timestamp': '2025-06-14T11:34:45.703963'}
2025-06-14 17:05:01,811 - engine.matching_engine - INFO - Processing new order f1ab04fe-679d-4115-a29c-038c552441bf of type OrderType.LIMIT for BTC_USD
2025-06-14 17:05:01,813 - engine.matching_engine - INFO - Found 0 activated orders to process
2025-06-14 17:05:01,815 - engine.order_book - INFO - Updated best bid to price 50000.0 with 1 orders and total quantity 1.0
2025-06-14 17:05:02,149 - engine.redis_persistence - INFO - Order book state saved for BTC_USD
2025-06-14 17:05:02,482 - engine.redis_persistence - INFO - Trade b05c9b72-2fa8-49f1-856e-e3f7d511576f saved
2025-06-14 17:05:02,484 - engine.order_book - INFO - Removing order 30de4827-b643-48fa-91b4-a7a2f2fc981f from order book
2025-06-14 17:05:02,487 - engine.order_book - WARNING - Order 30de4827-b643-48fa-91b4-a7a2f2fc981f not found in order book
2025-06-14 17:05:02,488 - engine.order_book - INFO - Removing order f1ab04fe-679d-4115-a29c-038c552441bf from order book
2025-06-14 17:05:02,490 - engine.order_book - INFO - Removing order from best ask level at price 60000.0
2025-06-14 17:05:02,491 - engine.order_book - INFO - No asks left, best ask set to None
2025-06-14 17:05:02,492 - engine.matching_engine - INFO - Removed filled sell order f1ab04fe-679d-4115-a29c-038c552441bf
2025-06-14 17:05:02,494 - engine.matching_engine - INFO - Current BBO for BTC_USD: {'best_bid': 50000.0, 'best_bid_quantity': 1.0, 'best_ask': None, 'best_ask_quantity': None, 'timestamp': '2025-06-14T11:35:02.493623'}
2025-06-14 17:05:02,495 - engine.matching_engine - INFO - Updated BBO for BTC_USD: {'best_bid': 50000.0, 'best_bid_quantity': 1.0, 'best_ask': None, 'best_ask_quantity': None, 'timestamp': '2025-06-14T11:35:02.493623'}
2025-06-14 19:28:19,355 - engine.redis_persistence - INFO - Redis connection pool initialized
2025-06-14 19:28:19,356 - engine.matching_engine - INFO - MatchingEngine initialized
2025-06-14 19:43:04,791 - engine.redis_persistence - INFO - Redis connection pool initialized
2025-06-14 19:43:04,792 - engine.matching_engine - INFO - MatchingEngine initialized
2025-06-14 19:43:37,441 - engine.matching_engine - INFO - Processing new order 1a544990-e1c5-42f2-994f-770383bbe48f of type OrderType.LIMIT for BTC_USD
2025-06-14 19:43:37,442 - engine.matching_engine - INFO - Found 0 activated orders to process
2025-06-14 19:43:39,213 - engine.redis_persistence - INFO - Order book state saved for BTC_USD
2025-06-14 19:43:39,214 - engine.matching_engine - INFO - Current BBO for BTC_USD: {'best_bid': None, 'best_bid_quantity': None, 'best_ask': 60000.0, 'best_ask_quantity': 1.0, 'timestamp': '2025-06-14T14:13:39.214237'}
2025-06-14 19:43:39,215 - engine.matching_engine - INFO - Updated BBO for BTC_USD: {'best_bid': None, 'best_bid_quantity': None, 'best_ask': 60000.0, 'best_ask_quantity': 1.0, 'timestamp': '2025-06-14T14:13:39.214237'}
2025-06-14 19:44:02,001 - engine.matching_engine - INFO - Processing new order 7f766e00-523b-4177-a357-f5319ec53a6a of type OrderType.LIMIT for BTC_USD
2025-06-14 19:44:02,003 - engine.matching_engine - INFO - Found 0 activated orders to process
2025-06-14 19:44:02,004 - engine.order_book - INFO - No asks left, best ask set to None
2025-06-14 19:44:02,349 - engine.redis_persistence - INFO - Order book state saved for BTC_USD
2025-06-14 19:44:02,710 - engine.redis_persistence - INFO - Trade c3b6e25a-36ce-4d32-b4c8-c98ca1723bc8 saved
2025-06-14 19:44:02,711 - engine.order_book - INFO - Removing order 7f766e00-523b-4177-a357-f5319ec53a6a from order book
2025-06-14 19:44:02,712 - engine.order_book - INFO - Removing order from best bid level at price 70000.0
2025-06-14 19:44:02,713 - engine.order_book - INFO - No bids left, best bid set to None
2025-06-14 19:44:02,714 - engine.matching_engine - INFO - Removed filled buy order 7f766e00-523b-4177-a357-f5319ec53a6a
2025-06-14 19:44:02,715 - engine.order_book - INFO - Removing order 1a544990-e1c5-42f2-994f-770383bbe48f from order book
2025-06-14 19:44:02,715 - engine.order_book - WARNING - Order 1a544990-e1c5-42f2-994f-770383bbe48f not found in order book
2025-06-14 19:44:02,717 - engine.matching_engine - INFO - Current BBO for BTC_USD: {'best_bid': None, 'best_bid_quantity': None, 'best_ask': None, 'best_ask_quantity': None, 'timestamp': '2025-06-14T14:14:02.716693'}
2025-06-14 19:44:02,718 - engine.matching_engine - INFO - Updated BBO for BTC_USD: {'best_bid': None, 'best_bid_quantity': None, 'best_ask': None, 'best_ask_quantity': None, 'timestamp': '2025-06-14T14:14:02.716693'}
2025-06-14 19:45:18,164 - engine.matching_engine - INFO - Processing new order 92482a78-c22e-4562-9d04-10d3f19509b0 of type OrderType.MARKET for BTC_USD
2025-06-14 19:45:18,166 - engine.matching_engine - INFO - Found 0 activated orders to process
2025-06-14 19:45:18,167 - engine.redis_persistence - INFO - Order book state saved for BTC_USD
2025-06-14 19:45:18,168 - engine.matching_engine - INFO - Current BBO for BTC_USD: {'best_bid': None, 'best_bid_quantity': None, 'best_ask': None, 'best_ask_quantity': None, 'timestamp': '2025-06-14T14:15:18.168085'}
2025-06-14 19:45:18,168 - engine.matching_engine - INFO - Updated BBO for BTC_USD: {'best_bid': None, 'best_bid_quantity': None, 'best_ask': None, 'best_ask_quantity': None, 'timestamp': '2025-06-14T14:15:18.168085'}
2025-06-14 19:45:25,732 - engine.matching_engine - INFO - Processing new order 7e038175-058b-4dac-8faa-0ab145dd96a2 of type OrderType.STOP_LIMIT for BTC_USD
2025-06-14 19:45:25,733 - engine.matching_engine - INFO - Found 0 activated orders to process
2025-06-14 19:45:26,082 - engine.redis_persistence - INFO - Order book state saved for BTC_USD
2025-06-14 19:45:26,083 - engine.matching_engine - INFO - Current BBO for BTC_USD: {'best_bid': None, 'best_bid_quantity': None, 'best_ask': None, 'best_ask_quantity': None, 'timestamp': '2025-06-14T14:15:26.083303'}
2025-06-14 19:45:26,083 - engine.matching_engine - INFO - Updated BBO for BTC_USD: {'best_bid': None, 'best_bid_quantity': None, 'best_ask': None, 'best_ask_quantity': None, 'timestamp': '2025-06-14T14:15:26.083303'}
2025-06-14 19:45:47,619 - engine.matching_engine - INFO - Processing new order 9db46012-3016-46d7-a0dc-f50d6cca5ab1 of type OrderType.LIMIT for BTC_USD
2025-06-14 19:45:47,620 - engine.matching_engine - INFO - Found 1 activated orders to process
2025-06-14 19:45:47,621 - engine.matching_engine - INFO - Processing activated order 7e038175-058b-4dac-8faa-0ab145dd96a2
2025-06-14 19:45:47,622 - engine.matching_engine - INFO - Generated 0 trades from activated order 7e038175-058b-4dac-8faa-0ab145dd96a2
2025-06-14 19:45:47,971 - engine.redis_persistence - INFO - Order book state saved for BTC_USD
2025-06-14 19:45:47,972 - engine.matching_engine - INFO - Current BBO for BTC_USD: {'best_bid': 70000.0, 'best_bid_quantity': 1.0, 'best_ask': None, 'best_ask_quantity': None, 'timestamp': '2025-06-14T14:15:47.972349'}
2025-06-14 19:45:47,973 - engine.matching_engine - INFO - Updated BBO for BTC_USD: {'best_bid': 70000.0, 'best_bid_quantity': 1.0, 'best_ask': None, 'best_ask_quantity': None, 'timestamp': '2025-06-14T14:15:47.972349'}
2025-06-14 19:45:53,882 - engine.matching_engine - INFO - Processing new order 45279249-6bbe-4ec4-a5dd-fcb473d6ab6d of type OrderType.LIMIT for BTC_USD
2025-06-14 19:45:53,882 - engine.matching_engine - INFO - Found 0 activated orders to process
2025-06-14 19:45:54,222 - engine.redis_persistence - INFO - Order book state saved for BTC_USD
2025-06-14 19:45:54,223 - engine.matching_engine - INFO - Current BBO for BTC_USD: {'best_bid': 80000.0, 'best_bid_quantity': 1.0, 'best_ask': None, 'best_ask_quantity': None, 'timestamp': '2025-06-14T14:15:54.223153'}
2025-06-14 19:45:54,223 - engine.matching_engine - INFO - Updated BBO for BTC_USD: {'best_bid': 80000.0, 'best_bid_quantity': 1.0, 'best_ask': None, 'best_ask_quantity': None, 'timestamp': '2025-06-14T14:15:54.223153'}
2025-06-14 19:46:21,971 - engine.matching_engine - INFO - Processing new order 0c37b629-e9f1-4da0-b7e6-11ac312d0648 of type OrderType.MARKET for BTC_USD
2025-06-14 19:46:21,974 - engine.matching_engine - INFO - Found 0 activated orders to process
2025-06-14 19:52:29,534 - engine.redis_persistence - INFO - Redis connection pool initialized
2025-06-14 19:52:29,535 - engine.matching_engine - INFO - MatchingEngine initialized
2025-06-14 19:52:41,174 - engine.matching_engine - INFO - Processing new order 77fb6c36-6beb-4d0b-8827-f2f4304d3e57 of type OrderType.MARKET for BTC_USD
2025-06-14 19:52:41,176 - engine.matching_engine - INFO - Found 0 activated orders to process
2025-06-14 19:52:41,177 - engine.redis_persistence - INFO - Order book state saved for BTC_USD
2025-06-14 19:52:41,178 - engine.matching_engine - INFO - Current BBO for BTC_USD: {'best_bid': None, 'best_bid_quantity': None, 'best_ask': None, 'best_ask_quantity': None, 'timestamp': '2025-06-14T14:22:41.177477'}
2025-06-14 19:52:41,178 - engine.matching_engine - INFO - Updated BBO for BTC_USD: {'best_bid': None, 'best_bid_quantity': None, 'best_ask': None, 'best_ask_quantity': None, 'timestamp': '2025-06-14T14:22:41.177477'}
2025-06-14 19:53:03,079 - engine.matching_engine - INFO - Processing new order 0f3ff1b2-32ee-4080-9f2c-0234ab13712c of type OrderType.LIMIT for BTC_USD
2025-06-14 19:53:03,081 - engine.matching_engine - INFO - Found 0 activated orders to process
2025-06-14 19:53:04,792 - engine.redis_persistence - INFO - Order book state saved for BTC_USD
2025-06-14 19:53:04,797 - engine.matching_engine - INFO - Current BBO for BTC_USD: {'best_bid': None, 'best_bid_quantity': None, 'best_ask': 80000.0, 'best_ask_quantity': 1.0, 'timestamp': '2025-06-14T14:23:04.797405'}
2025-06-14 19:53:04,805 - engine.matching_engine - INFO - Updated BBO for BTC_USD: {'best_bid': None, 'best_bid_quantity': None, 'best_ask': 80000.0, 'best_ask_quantity': 1.0, 'timestamp': '2025-06-14T14:23:04.797405'}
2025-06-14 19:53:18,795 - engine.redis_persistence - INFO - Redis connection pool initialized
2025-06-14 19:53:18,796 - engine.matching_engine - INFO - MatchingEngine initialized
2025-06-14 19:53:26,273 - engine.matching_engine - INFO - Processing new order 7f6f01af-0e02-4881-8049-4eac769dacee of type OrderType.LIMIT for BTC_USD
2025-06-14 19:53:26,276 - engine.matching_engine - INFO - Found 0 activated orders to process
2025-06-14 19:53:27,838 - engine.redis_persistence - INFO - Order book state saved for BTC_USD
2025-06-14 19:53:27,839 - engine.matching_engine - INFO - Current BBO for BTC_USD: {'best_bid': None, 'best_bid_quantity': None, 'best_ask': 80000.0, 'best_ask_quantity': 1.0, 'timestamp': '2025-06-14T14:23:27.839247'}
2025-06-14 19:53:27,839 - engine.matching_engine - INFO - Updated BBO for BTC_USD: {'best_bid': None, 'best_bid_quantity': None, 'best_ask': 80000.0, 'best_ask_quantity': 1.0, 'timestamp': '2025-06-14T14:23:27.839247'}
2025-06-14 19:53:32,622 - engine.matching_engine - INFO - Processing new order 4453fc20-eeaf-420a-b639-54c7a9ed1c3b of type OrderType.LIMIT for BTC_USD
2025-06-14 19:53:32,624 - engine.matching_engine - INFO - Found 0 activated orders to process
2025-06-14 19:53:32,973 - engine.redis_persistence - INFO - Order book state saved for BTC_USD
2025-06-14 19:53:32,974 - engine.matching_engine - INFO - Current BBO for BTC_USD: {'best_bid': None, 'best_bid_quantity': None, 'best_ask': 60000.0, 'best_ask_quantity': 1.0, 'timestamp': '2025-06-14T14:23:32.974032'}
2025-06-14 19:53:32,974 - engine.matching_engine - INFO - Updated BBO for BTC_USD: {'best_bid': None, 'best_bid_quantity': None, 'best_ask': 60000.0, 'best_ask_quantity': 1.0, 'timestamp': '2025-06-14T14:23:32.974032'}
2025-06-14 19:53:54,274 - engine.matching_engine - INFO - Processing new order 2ce96dcf-9d01-4a50-95b8-aa183be52489 of type OrderType.MARKET for BTC_USD
2025-06-14 19:53:54,277 - engine.matching_engine - INFO - Found 0 activated orders to process
2025-06-14 19:53:54,629 - engine.redis_persistence - INFO - Order book state saved for BTC_USD
2025-06-14 19:53:54,630 - engine.matching_engine - INFO - Current BBO for BTC_USD: {'best_bid': None, 'best_bid_quantity': None, 'best_ask': 60000.0, 'best_ask_quantity': 1.0, 'timestamp': '2025-06-14T14:23:54.630058'}
2025-06-14 19:53:54,630 - engine.matching_engine - INFO - Updated BBO for BTC_USD: {'best_bid': None, 'best_bid_quantity': None, 'best_ask': 60000.0, 'best_ask_quantity': 1.0, 'timestamp': '2025-06-14T14:23:54.630058'}
2025-06-14 19:54:00,757 - engine.matching_engine - INFO - Processing new order f0ac1978-1c95-42c9-8f21-4c93b857d4be of type OrderType.STOP_LIMIT for BTC_USD
2025-06-14 19:54:00,759 - engine.matching_engine - INFO - Found 0 activated orders to process
2025-06-14 19:54:01,109 - engine.redis_persistence - INFO - Order book state saved for BTC_USD
2025-06-14 19:54:01,110 - engine.matching_engine - INFO - Current BBO for BTC_USD: {'best_bid': None, 'best_bid_quantity': None, 'best_ask': 60000.0, 'best_ask_quantity': 1.0, 'timestamp': '2025-06-14T14:24:01.110417'}
2025-06-14 19:54:01,111 - engine.matching_engine - INFO - Updated BBO for BTC_USD: {'best_bid': None, 'best_bid_quantity': None, 'best_ask': 60000.0, 'best_ask_quantity': 1.0, 'timestamp': '2025-06-14T14:24:01.110417'}
2025-06-14 19:55:58,911 - engine.redis_persistence - INFO - Redis connection pool initialized
2025-06-14 19:55:58,911 - engine.matching_engine - INFO - MatchingEngine initialized
2025-06-14 19:56:16,538 - engine.matching_engine - INFO - Processing new order baef478f-aff3-4a6c-a362-0b2df5c727d1 of type OrderType.LIMIT for BTC_USD
2025-06-14 19:56:16,539 - engine.matching_engine - INFO - Found 0 activated orders to process
2025-06-14 19:56:18,163 - engine.redis_persistence - INFO - Order book state saved for BTC_USD
2025-06-14 19:56:18,164 - engine.matching_engine - INFO - Current BBO for BTC_USD: {'best_bid': None, 'best_bid_quantity': None, 'best_ask': 60000.0, 'best_ask_quantity': 1.0, 'timestamp': '2025-06-14T14:26:18.164445'}
2025-06-14 19:56:18,165 - engine.matching_engine - INFO - Updated BBO for BTC_USD: {'best_bid': None, 'best_bid_quantity': None, 'best_ask': 60000.0, 'best_ask_quantity': 1.0, 'timestamp': '2025-06-14T14:26:18.164445'}
2025-06-14 19:56:23,956 - engine.matching_engine - INFO - Processing new order f132eea6-da3c-4c54-9e3b-efcb3d652c96 of type OrderType.LIMIT for BTC_USD
2025-06-14 19:56:23,957 - engine.matching_engine - INFO - Found 0 activated orders to process
2025-06-14 19:56:24,293 - engine.redis_persistence - INFO - Order book state saved for BTC_USD
2025-06-14 19:56:24,294 - engine.matching_engine - INFO - Current BBO for BTC_USD: {'best_bid': None, 'best_bid_quantity': None, 'best_ask': 60000.0, 'best_ask_quantity': 1.0, 'timestamp': '2025-06-14T14:26:24.294093'}
2025-06-14 19:56:24,294 - engine.matching_engine - INFO - Updated BBO for BTC_USD: {'best_bid': None, 'best_bid_quantity': None, 'best_ask': 60000.0, 'best_ask_quantity': 1.0, 'timestamp': '2025-06-14T14:26:24.294093'}
2025-06-14 19:56:53,725 - engine.matching_engine - INFO - Processing new order 1c14dda7-d082-4124-86d1-f9ebe4e54fe5 of type OrderType.MARKET for BTC_USD
2025-06-14 19:56:53,727 - engine.matching_engine - INFO - Found 0 activated orders to process
2025-06-14 19:56:53,731 - engine.order_book - INFO - Updated best ask to price 80000.0 with 1 orders and total quantity 1.0
2025-06-14 19:56:54,071 - engine.redis_persistence - INFO - Order book state saved for BTC_USD
2025-06-14 19:56:54,412 - engine.redis_persistence - INFO - Trade eb1fb10c-393e-45b3-9342-e2504d9fc3cc saved
2025-06-14 19:56:54,414 - engine.order_book - INFO - Removing order 1c14dda7-d082-4124-86d1-f9ebe4e54fe5 from order book
2025-06-14 19:56:54,415 - engine.order_book - WARNING - Order 1c14dda7-d082-4124-86d1-f9ebe4e54fe5 not found in order book
2025-06-14 19:56:54,415 - engine.order_book - INFO - Removing order baef478f-aff3-4a6c-a362-0b2df5c727d1 from order book
2025-06-14 19:56:54,417 - engine.order_book - WARNING - Order baef478f-aff3-4a6c-a362-0b2df5c727d1 not found in order book
2025-06-14 19:56:54,418 - engine.matching_engine - INFO - Current BBO for BTC_USD: {'best_bid': None, 'best_bid_quantity': None, 'best_ask': 80000.0, 'best_ask_quantity': 1.0, 'timestamp': '2025-06-14T14:26:54.418193'}
2025-06-14 19:56:54,419 - engine.matching_engine - INFO - Updated BBO for BTC_USD: {'best_bid': None, 'best_bid_quantity': None, 'best_ask': 80000.0, 'best_ask_quantity': 1.0, 'timestamp': '2025-06-14T14:26:54.418193'}
2025-06-14 19:57:24,594 - engine.matching_engine - INFO - Processing new order ec82cfc4-9cbb-49ec-8912-beacb9b4561b of type OrderType.LIMIT for BTC_USD
2025-06-14 19:57:24,596 - engine.matching_engine - INFO - Found 0 activated orders to process
2025-06-14 19:57:24,597 - engine.order_book - INFO - No asks left, best ask set to None
2025-06-14 19:57:24,947 - engine.redis_persistence - INFO - Order book state saved for BTC_USD
2025-06-14 19:57:25,300 - engine.redis_persistence - INFO - Trade c71841aa-cae6-4f08-9337-fb8ccdbd0750 saved
2025-06-14 19:57:25,300 - engine.order_book - INFO - Removing order ec82cfc4-9cbb-49ec-8912-beacb9b4561b from order book
2025-06-14 19:57:25,300 - engine.order_book - INFO - Removing order from best bid level at price 80000.0
2025-06-14 19:57:25,301 - engine.order_book - INFO - No bids left, best bid set to None
2025-06-14 19:57:25,302 - engine.matching_engine - INFO - Removed filled buy order ec82cfc4-9cbb-49ec-8912-beacb9b4561b
2025-06-14 19:57:25,302 - engine.order_book - INFO - Removing order f132eea6-da3c-4c54-9e3b-efcb3d652c96 from order book
2025-06-14 19:57:25,303 - engine.order_book - WARNING - Order f132eea6-da3c-4c54-9e3b-efcb3d652c96 not found in order book
2025-06-14 19:57:25,304 - engine.matching_engine - INFO - Current BBO for BTC_USD: {'best_bid': None, 'best_bid_quantity': None, 'best_ask': None, 'best_ask_quantity': None, 'timestamp': '2025-06-14T14:27:25.304303'}
2025-06-14 19:57:25,304 - engine.matching_engine - INFO - Updated BBO for BTC_USD: {'best_bid': None, 'best_bid_quantity': None, 'best_ask': None, 'best_ask_quantity': None, 'timestamp': '2025-06-14T14:27:25.304303'}
2025-06-14 19:57:46,720 - engine.matching_engine - INFO - Processing new order 39d47654-a526-4112-937a-0aa9d16b38b3 of type OrderType.LIMIT for BTC_USD
2025-06-14 19:57:46,722 - engine.matching_engine - INFO - Found 0 activated orders to process
2025-06-14 19:57:47,065 - engine.redis_persistence - INFO - Order book state saved for BTC_USD
2025-06-14 19:57:47,067 - engine.matching_engine - INFO - Current BBO for BTC_USD: {'best_bid': 80000.0, 'best_bid_quantity': 1.0, 'best_ask': None, 'best_ask_quantity': None, 'timestamp': '2025-06-14T14:27:47.067083'}
2025-06-14 19:57:47,067 - engine.matching_engine - INFO - Updated BBO for BTC_USD: {'best_bid': 80000.0, 'best_bid_quantity': 1.0, 'best_ask': None, 'best_ask_quantity': None, 'timestamp': '2025-06-14T14:27:47.067083'}
2025-06-14 19:58:07,376 - engine.matching_engine - INFO - Processing new order 19c35ec4-781c-415c-b646-f5f5a5f5c897 of type OrderType.IOC for BTC_USD
2025-06-14 19:58:07,377 - engine.matching_engine - INFO - Found 0 activated orders to process
2025-06-14 19:58:07,715 - engine.redis_persistence - INFO - Order book state saved for BTC_USD
2025-06-14 19:58:07,716 - engine.matching_engine - INFO - Current BBO for BTC_USD: {'best_bid': 80000.0, 'best_bid_quantity': 1.0, 'best_ask': None, 'best_ask_quantity': None, 'timestamp': '2025-06-14T14:28:07.716167'}
2025-06-14 19:58:07,716 - engine.matching_engine - INFO - Updated BBO for BTC_USD: {'best_bid': 80000.0, 'best_bid_quantity': 1.0, 'best_ask': None, 'best_ask_quantity': None, 'timestamp': '2025-06-14T14:28:07.716167'}
2025-06-14 19:58:16,187 - engine.matching_engine - INFO - Processing new order 68ada478-dc43-49d9-933e-65a47c273968 of type OrderType.IOC for BTC_USD
2025-06-14 19:58:16,188 - engine.matching_engine - INFO - Found 0 activated orders to process
2025-06-14 19:58:16,189 - engine.order_book - INFO - No bids left, best bid set to None
2025-06-14 19:58:16,190 - engine.redis_persistence - INFO - Order book state saved for BTC_USD
2025-06-14 19:58:16,524 - engine.redis_persistence - INFO - Trade 2c5a9d57-ecb0-482e-8469-010a3992e837 saved
2025-06-14 19:58:16,525 - engine.order_book - INFO - Removing order 39d47654-a526-4112-937a-0aa9d16b38b3 from order book
2025-06-14 19:58:16,526 - engine.order_book - WARNING - Order 39d47654-a526-4112-937a-0aa9d16b38b3 not found in order book
2025-06-14 19:58:16,526 - engine.order_book - INFO - Removing order 68ada478-dc43-49d9-933e-65a47c273968 from order book
2025-06-14 19:58:16,527 - engine.order_book - WARNING - Order 68ada478-dc43-49d9-933e-65a47c273968 not found in order book
2025-06-14 19:58:16,528 - engine.matching_engine - INFO - Current BBO for BTC_USD: {'best_bid': None, 'best_bid_quantity': None, 'best_ask': None, 'best_ask_quantity': None, 'timestamp': '2025-06-14T14:28:16.528746'}
2025-06-14 19:58:16,529 - engine.matching_engine - INFO - Updated BBO for BTC_USD: {'best_bid': None, 'best_bid_quantity': None, 'best_ask': None, 'best_ask_quantity': None, 'timestamp': '2025-06-14T14:28:16.528746'}
2025-06-14 19:58:41,305 - engine.matching_engine - INFO - Processing new order 8334c4e6-27de-452f-872f-4ed8abb2eaaa of type OrderType.LIMIT for BTC_USD
2025-06-14 19:58:41,306 - engine.matching_engine - INFO - Found 0 activated orders to process
2025-06-14 19:58:41,645 - engine.redis_persistence - INFO - Order book state saved for BTC_USD
2025-06-14 19:58:41,646 - engine.matching_engine - INFO - Current BBO for BTC_USD: {'best_bid': None, 'best_bid_quantity': None, 'best_ask': 80000.0, 'best_ask_quantity': 5.0, 'timestamp': '2025-06-14T14:28:41.646190'}
2025-06-14 19:58:41,646 - engine.matching_engine - INFO - Updated BBO for BTC_USD: {'best_bid': None, 'best_bid_quantity': None, 'best_ask': 80000.0, 'best_ask_quantity': 5.0, 'timestamp': '2025-06-14T14:28:41.646190'}
2025-06-14 19:59:05,090 - engine.matching_engine - INFO - Processing new order 4f1c838e-de48-466f-870b-edc1e7e73362 of type OrderType.FOK for BTC_USD
2025-06-14 19:59:05,091 - engine.matching_engine - INFO - Found 0 activated orders to process
2025-06-14 19:59:05,424 - engine.redis_persistence - INFO - Order book state saved for BTC_USD
2025-06-14 19:59:05,424 - engine.matching_engine - INFO - Current BBO for BTC_USD: {'best_bid': None, 'best_bid_quantity': None, 'best_ask': 80000.0, 'best_ask_quantity': 5.0, 'timestamp': '2025-06-14T14:29:05.424639'}
2025-06-14 19:59:05,424 - engine.matching_engine - INFO - Updated BBO for BTC_USD: {'best_bid': None, 'best_bid_quantity': None, 'best_ask': 80000.0, 'best_ask_quantity': 5.0, 'timestamp': '2025-06-14T14:29:05.424639'}
2025-06-14 20:00:21,041 - engine.matching_engine - INFO - Processing new order c52bc6ad-0301-4c67-8ec9-8e01f97159ea of type OrderType.LIMIT for BTC_USD
2025-06-14 20:00:21,042 - engine.matching_engine - INFO - Found 0 activated orders to process
2025-06-14 20:00:21,043 - engine.order_book - INFO - No asks left, best ask set to None
2025-06-14 20:00:21,381 - engine.redis_persistence - INFO - Order book state saved for BTC_USD
2025-06-14 20:00:21,713 - engine.redis_persistence - INFO - Trade bce57cf0-32ae-468c-aea3-e7d29e5c1c4c saved
2025-06-14 20:00:21,714 - engine.order_book - INFO - Removing order c52bc6ad-0301-4c67-8ec9-8e01f97159ea from order book
2025-06-14 20:00:21,715 - engine.order_book - INFO - Removing order from best bid level at price 80000.0
2025-06-14 20:00:21,716 - engine.order_book - INFO - No bids left, best bid set to None
2025-06-14 20:00:21,716 - engine.matching_engine - INFO - Removed filled buy order c52bc6ad-0301-4c67-8ec9-8e01f97159ea
2025-06-14 20:00:21,717 - engine.order_book - INFO - Removing order 8334c4e6-27de-452f-872f-4ed8abb2eaaa from order book
2025-06-14 20:00:21,718 - engine.order_book - WARNING - Order 8334c4e6-27de-452f-872f-4ed8abb2eaaa not found in order book
2025-06-14 20:00:21,720 - engine.matching_engine - INFO - Current BBO for BTC_USD: {'best_bid': None, 'best_bid_quantity': None, 'best_ask': None, 'best_ask_quantity': None, 'timestamp': '2025-06-14T14:30:21.720686'}
2025-06-14 20:00:21,721 - engine.matching_engine - INFO - Updated BBO for BTC_USD: {'best_bid': None, 'best_bid_quantity': None, 'best_ask': None, 'best_ask_quantity': None, 'timestamp': '2025-06-14T14:30:21.720686'}
2025-06-14 20:00:34,771 - engine.matching_engine - INFO - Processing new order e19db141-a8fb-4888-aa64-e3d846266f94 of type OrderType.LIMIT for BTC_USD
2025-06-14 20:00:34,773 - engine.matching_engine - INFO - Found 0 activated orders to process
2025-06-14 20:00:35,110 - engine.redis_persistence - INFO - Order book state saved for BTC_USD
2025-06-14 20:00:35,112 - engine.matching_engine - INFO - Current BBO for BTC_USD: {'best_bid': 80000.0, 'best_bid_quantity': 5.0, 'best_ask': None, 'best_ask_quantity': None, 'timestamp': '2025-06-14T14:30:35.112063'}
2025-06-14 20:00:35,113 - engine.matching_engine - INFO - Updated BBO for BTC_USD: {'best_bid': 80000.0, 'best_bid_quantity': 5.0, 'best_ask': None, 'best_ask_quantity': None, 'timestamp': '2025-06-14T14:30:35.112063'}
2025-06-14 20:00:46,640 - engine.matching_engine - INFO - Processing new order 84031591-0c5d-4812-aed1-e8c9ee976f64 of type OrderType.LIMIT for BTC_USD
2025-06-14 20:00:46,642 - engine.matching_engine - INFO - Found 0 activated orders to process
2025-06-14 20:00:46,983 - engine.redis_persistence - INFO - Order book state saved for BTC_USD
2025-06-14 20:00:46,984 - engine.matching_engine - INFO - Current BBO for BTC_USD: {'best_bid': 80000.0, 'best_bid_quantity': 10.0, 'best_ask': None, 'best_ask_quantity': None, 'timestamp': '2025-06-14T14:30:46.984255'}
2025-06-14 20:00:46,985 - engine.matching_engine - INFO - Updated BBO for BTC_USD: {'best_bid': 80000.0, 'best_bid_quantity': 10.0, 'best_ask': None, 'best_ask_quantity': None, 'timestamp': '2025-06-14T14:30:46.984255'}
2025-06-14 20:01:09,832 - engine.matching_engine - INFO - Processing new order 478da5b9-046f-4a17-89f6-4501f20a80ef of type OrderType.LIMIT for BTC_USD
2025-06-14 20:01:09,834 - engine.matching_engine - INFO - Found 0 activated orders to process
2025-06-14 20:01:09,835 - engine.order_book - INFO - No bids left, best bid set to None
2025-06-14 20:01:10,182 - engine.redis_persistence - INFO - Order book state saved for BTC_USD
2025-06-14 20:01:10,522 - engine.redis_persistence - INFO - Trade 2ddd0bab-175f-4251-882c-b1146e1ff2f7 saved
2025-06-14 20:01:10,862 - engine.redis_persistence - INFO - Trade 94b9b00e-ba5b-4a76-9243-10781b74e7d5 saved
2025-06-14 20:01:10,863 - engine.order_book - INFO - Removing order e19db141-a8fb-4888-aa64-e3d846266f94 from order book
2025-06-14 20:01:10,864 - engine.order_book - WARNING - Order e19db141-a8fb-4888-aa64-e3d846266f94 not found in order book
2025-06-14 20:01:10,865 - engine.order_book - INFO - Removing order 478da5b9-046f-4a17-89f6-4501f20a80ef from order book
2025-06-14 20:01:10,866 - engine.order_book - INFO - Removing order from best ask level at price 80000.0
2025-06-14 20:01:10,866 - engine.order_book - INFO - No asks left, best ask set to None
2025-06-14 20:01:10,867 - engine.matching_engine - INFO - Removed filled sell order 478da5b9-046f-4a17-89f6-4501f20a80ef
2025-06-14 20:01:10,868 - engine.order_book - INFO - Removing order 84031591-0c5d-4812-aed1-e8c9ee976f64 from order book
2025-06-14 20:01:10,869 - engine.order_book - WARNING - Order 84031591-0c5d-4812-aed1-e8c9ee976f64 not found in order book
2025-06-14 20:01:10,870 - engine.order_book - INFO - Removing order 478da5b9-046f-4a17-89f6-4501f20a80ef from order book
2025-06-14 20:01:10,871 - engine.order_book - WARNING - Order 478da5b9-046f-4a17-89f6-4501f20a80ef not found in order book
2025-06-14 20:01:10,872 - engine.matching_engine - INFO - Current BBO for BTC_USD: {'best_bid': None, 'best_bid_quantity': None, 'best_ask': None, 'best_ask_quantity': None, 'timestamp': '2025-06-14T14:31:10.872568'}
2025-06-14 20:01:10,874 - engine.matching_engine - INFO - Updated BBO for BTC_USD: {'best_bid': None, 'best_bid_quantity': None, 'best_ask': None, 'best_ask_quantity': None, 'timestamp': '2025-06-14T14:31:10.872568'}
2025-06-14 20:01:24,472 - engine.matching_engine - INFO - Processing new order ac72be29-0fff-499f-93c2-f27e9f7094ee of type OrderType.STOP_LIMIT for BTC_USD
2025-06-14 20:01:24,472 - engine.matching_engine - INFO - Found 0 activated orders to process
2025-06-14 20:01:24,822 - engine.redis_persistence - INFO - Order book state saved for BTC_USD
2025-06-14 20:01:24,823 - engine.matching_engine - INFO - Current BBO for BTC_USD: {'best_bid': None, 'best_bid_quantity': None, 'best_ask': None, 'best_ask_quantity': None, 'timestamp': '2025-06-14T14:31:24.823314'}
2025-06-14 20:01:24,824 - engine.matching_engine - INFO - Updated BBO for BTC_USD: {'best_bid': None, 'best_bid_quantity': None, 'best_ask': None, 'best_ask_quantity': None, 'timestamp': '2025-06-14T14:31:24.823314'}
2025-06-14 20:01:55,412 - engine.matching_engine - INFO - Processing new order b9ea44ef-1173-48cb-b469-bfe5f0ad040b of type OrderType.LIMIT for BTC_USD
2025-06-14 20:01:55,414 - engine.matching_engine - INFO - Found 1 activated orders to process
2025-06-14 20:01:55,414 - engine.matching_engine - INFO - Processing activated order ac72be29-0fff-499f-93c2-f27e9f7094ee
2025-06-14 20:01:55,416 - engine.matching_engine - INFO - Generated 0 trades from activated order ac72be29-0fff-499f-93c2-f27e9f7094ee
2025-06-14 20:01:55,763 - engine.redis_persistence - INFO - Order book state saved for BTC_USD
2025-06-14 20:01:55,765 - engine.matching_engine - INFO - Current BBO for BTC_USD: {'best_bid': 50000.0, 'best_bid_quantity': 1.0, 'best_ask': 60000.0, 'best_ask_quantity': 1.0, 'timestamp': '2025-06-14T14:31:55.764449'}
2025-06-14 20:01:55,765 - engine.matching_engine - INFO - Updated BBO for BTC_USD: {'best_bid': 50000.0, 'best_bid_quantity': 1.0, 'best_ask': 60000.0, 'best_ask_quantity': 1.0, 'timestamp': '2025-06-14T14:31:55.764449'}
2025-06-14 20:02:17,025 - engine.matching_engine - INFO - Processing new order 814d0055-27b7-4842-9dba-f3f36410f43e of type OrderType.LIMIT for BTC_USD
2025-06-14 20:02:17,026 - engine.matching_engine - INFO - Found 0 activated orders to process
2025-06-14 20:02:17,028 - engine.order_book - INFO - No bids left, best bid set to None
2025-06-14 20:02:17,370 - engine.redis_persistence - INFO - Order book state saved for BTC_USD
2025-06-14 20:02:17,706 - engine.redis_persistence - INFO - Trade da137e0b-a988-40c1-ba56-4a03eebc45d9 saved
2025-06-14 20:02:17,707 - engine.order_book - INFO - Removing order ac72be29-0fff-499f-93c2-f27e9f7094ee from order book
2025-06-14 20:02:17,708 - engine.order_book - WARNING - Order ac72be29-0fff-499f-93c2-f27e9f7094ee not found in order book
2025-06-14 20:02:17,708 - engine.order_book - INFO - Removing order 814d0055-27b7-4842-9dba-f3f36410f43e from order book
2025-06-14 20:02:17,710 - engine.order_book - INFO - Removing order from best ask level at price 50000.0
2025-06-14 20:02:17,710 - engine.order_book - INFO - Updated best ask to price 60000.0 with 1 orders and total quantity 1.0
2025-06-14 20:02:17,710 - engine.matching_engine - INFO - Removed filled sell order 814d0055-27b7-4842-9dba-f3f36410f43e
2025-06-14 20:02:17,711 - engine.matching_engine - INFO - Current BBO for BTC_USD: {'best_bid': None, 'best_bid_quantity': None, 'best_ask': 60000.0, 'best_ask_quantity': 1.0, 'timestamp': '2025-06-14T14:32:17.711494'}
2025-06-14 20:02:17,711 - engine.matching_engine - INFO - Updated BBO for BTC_USD: {'best_bid': None, 'best_bid_quantity': None, 'best_ask': 60000.0, 'best_ask_quantity': 1.0, 'timestamp': '2025-06-14T14:32:17.711494'}
2025-06-14 20:02:26,071 - engine.matching_engine - INFO - Processing new order 1a6537cb-9608-4d59-89b6-6728fe13d915 of type OrderType.LIMIT for BTC_USD
2025-06-14 20:02:26,072 - engine.matching_engine - INFO - Found 0 activated orders to process
2025-06-14 20:02:26,074 - engine.order_book - INFO - No asks left, best ask set to None
2025-06-14 20:02:26,412 - engine.redis_persistence - INFO - Order book state saved for BTC_USD
2025-06-14 20:02:26,748 - engine.redis_persistence - INFO - Trade 35c824ef-91ec-404c-9126-771fc8a43784 saved
2025-06-14 20:02:26,749 - engine.order_book - INFO - Removing order 1a6537cb-9608-4d59-89b6-6728fe13d915 from order book
2025-06-14 20:02:26,750 - engine.order_book - INFO - Removing order from best bid level at price 60000.0
2025-06-14 20:02:26,750 - engine.order_book - INFO - No bids left, best bid set to None
2025-06-14 20:02:26,750 - engine.matching_engine - INFO - Removed filled buy order 1a6537cb-9608-4d59-89b6-6728fe13d915
2025-06-14 20:02:26,751 - engine.order_book - INFO - Removing order b9ea44ef-1173-48cb-b469-bfe5f0ad040b from order book
2025-06-14 20:02:26,751 - engine.order_book - WARNING - Order b9ea44ef-1173-48cb-b469-bfe5f0ad040b not found in order book
2025-06-14 20:02:26,752 - engine.matching_engine - INFO - Current BBO for BTC_USD: {'best_bid': None, 'best_bid_quantity': None, 'best_ask': None, 'best_ask_quantity': None, 'timestamp': '2025-06-14T14:32:26.752901'}
2025-06-14 20:02:26,753 - engine.matching_engine - INFO - Updated BBO for BTC_USD: {'best_bid': None, 'best_bid_quantity': None, 'best_ask': None, 'best_ask_quantity': None, 'timestamp': '2025-06-14T14:32:26.752901'}
2025-06-14 20:02:50,208 - engine.matching_engine - INFO - Processing new order 967b5abf-d43f-4a12-b786-d02581b717d4 of type OrderType.STOP_LOSS for BTC_USD
2025-06-14 20:02:50,209 - engine.matching_engine - INFO - Found 0 activated orders to process
2025-06-14 20:02:50,552 - engine.redis_persistence - INFO - Order book state saved for BTC_USD
2025-06-14 20:02:50,553 - engine.matching_engine - INFO - Current BBO for BTC_USD: {'best_bid': None, 'best_bid_quantity': None, 'best_ask': None, 'best_ask_quantity': None, 'timestamp': '2025-06-14T14:32:50.553261'}
2025-06-14 20:02:50,554 - engine.matching_engine - INFO - Updated BBO for BTC_USD: {'best_bid': None, 'best_bid_quantity': None, 'best_ask': None, 'best_ask_quantity': None, 'timestamp': '2025-06-14T14:32:50.553261'}
2025-06-14 20:02:58,798 - engine.matching_engine - INFO - Processing new order 4e12b7f9-9acd-4de1-a622-29dc07707088 of type OrderType.LIMIT for BTC_USD
2025-06-14 20:02:58,800 - engine.matching_engine - INFO - Found 1 activated orders to process
2025-06-14 20:02:58,800 - engine.matching_engine - INFO - Processing activated order 967b5abf-d43f-4a12-b786-d02581b717d4
2025-06-14 20:02:58,801 - engine.matching_engine - INFO - Generated 1 trades from activated order 967b5abf-d43f-4a12-b786-d02581b717d4
2025-06-14 20:02:58,801 - engine.matching_engine - INFO - Order 4e12b7f9-9acd-4de1-a622-29dc07707088 has no remaining quantity, skipping processing
2025-06-14 20:02:58,803 - engine.redis_persistence - INFO - Order book state saved for BTC_USD
2025-06-14 20:02:59,145 - engine.redis_persistence - INFO - Trade 3138715d-ae5a-41c8-962b-0429c10e3835 saved
2025-06-14 20:02:59,146 - engine.order_book - INFO - Removing order 967b5abf-d43f-4a12-b786-d02581b717d4 from order book
2025-06-14 20:02:59,146 - engine.order_book - WARNING - Order 967b5abf-d43f-4a12-b786-d02581b717d4 not found in order book
2025-06-14 20:02:59,147 - engine.order_book - INFO - Removing order 4e12b7f9-9acd-4de1-a622-29dc07707088 from order book
2025-06-14 20:02:59,147 - engine.order_book - WARNING - Order 4e12b7f9-9acd-4de1-a622-29dc07707088 not found in order book
2025-06-14 20:02:59,147 - engine.matching_engine - INFO - Current BBO for BTC_USD: {'best_bid': None, 'best_bid_quantity': None, 'best_ask': None, 'best_ask_quantity': None, 'timestamp': '2025-06-14T14:32:59.147950'}
2025-06-14 20:02:59,147 - engine.matching_engine - INFO - Updated BBO for BTC_USD: {'best_bid': None, 'best_bid_quantity': None, 'best_ask': None, 'best_ask_quantity': None, 'timestamp': '2025-06-14T14:32:59.147950'}
2025-06-14 20:02:59,155 - engine.matching_engine - ERROR - Error broadcasting updates: Object of type datetime is not JSON serializable
Traceback (most recent call last):
  File "C:\Users\Krishnaansh Goel\OneDrive\Desktop\Projects\Goquant5\backend\engine\matching_engine.py", line 296, in _broadcast_updates
    await broadcast_trade(order.symbol, trade.dict())
  File "C:\Users\Krishnaansh Goel\OneDrive\Desktop\Projects\Goquant5\backend\api\websocket.py", line 255, in broadcast_trade
    await ws_manager.broadcast_trade(f"trades_{symbol}", trade)
  File "C:\Users\Krishnaansh Goel\OneDrive\Desktop\Projects\Goquant5\backend\engine\websocket_manager.py", line 130, in broadcast_trade
    message = json.dumps({
              ^^^^^^^^^^^^
  File "C:\Users\Krishnaansh Goel\AppData\Local\Programs\Python\Python312\Lib\json\__init__.py", line 238, in dumps
    **kw).encode(obj)
          ^^^^^^^^^^^
  File "C:\Users\Krishnaansh Goel\AppData\Local\Programs\Python\Python312\Lib\json\encoder.py", line 200, in encode
    chunks = self.iterencode(o, _one_shot=True)
             ^^^^^^^^^^^^^^^^^^^^^^^^^^^^^^^^^^
  File "C:\Users\Krishnaansh Goel\AppData\Local\Programs\Python\Python312\Lib\json\encoder.py", line 258, in iterencode
    return _iterencode(o, 0)
           ^^^^^^^^^^^^^^^^^
  File "C:\Users\Krishnaansh Goel\OneDrive\Desktop\Projects\Goquant5\backend\engine\websocket_manager.py", line 16, in default
    return super().default(obj)
           ^^^^^^^^^^^^^^^^^^^^
  File "C:\Users\Krishnaansh Goel\AppData\Local\Programs\Python\Python312\Lib\json\encoder.py", line 180, in default
    raise TypeError(f'Object of type {o.__class__.__name__} '
TypeError: Object of type datetime is not JSON serializable
2025-06-14 20:03:39,382 - engine.matching_engine - INFO - Processing new order af8ad0e9-9027-46a8-ba25-de8a3ec93f1a of type OrderType.TAKE_PROFIT for BTC_USD
2025-06-14 20:03:39,384 - engine.matching_engine - INFO - Found 0 activated orders to process
2025-06-14 20:03:39,738 - engine.redis_persistence - INFO - Order book state saved for BTC_USD
2025-06-14 20:03:39,739 - engine.matching_engine - INFO - Current BBO for BTC_USD: {'best_bid': None, 'best_bid_quantity': None, 'best_ask': None, 'best_ask_quantity': None, 'timestamp': '2025-06-14T14:33:39.739303'}
2025-06-14 20:03:39,739 - engine.matching_engine - INFO - Updated BBO for BTC_USD: {'best_bid': None, 'best_bid_quantity': None, 'best_ask': None, 'best_ask_quantity': None, 'timestamp': '2025-06-14T14:33:39.739303'}
2025-06-14 20:03:57,444 - engine.matching_engine - INFO - Processing new order 0d7d2056-6620-42aa-a938-5b3f1ec8d507 of type OrderType.LIMIT for BTC_USD
2025-06-14 20:03:57,446 - engine.matching_engine - INFO - Found 1 activated orders to process
2025-06-14 20:03:57,446 - engine.matching_engine - INFO - Processing activated order af8ad0e9-9027-46a8-ba25-de8a3ec93f1a
2025-06-14 20:03:57,447 - engine.matching_engine - INFO - Generated 1 trades from activated order af8ad0e9-9027-46a8-ba25-de8a3ec93f1a
2025-06-14 20:03:57,448 - engine.matching_engine - INFO - Order 0d7d2056-6620-42aa-a938-5b3f1ec8d507 has no remaining quantity, skipping processing
2025-06-14 20:03:57,449 - engine.redis_persistence - INFO - Order book state saved for BTC_USD
2025-06-14 20:03:57,802 - engine.redis_persistence - INFO - Trade b44a66f4-accf-4d75-b684-6e993018c02c saved
2025-06-14 20:03:57,803 - engine.order_book - INFO - Removing order af8ad0e9-9027-46a8-ba25-de8a3ec93f1a from order book
2025-06-14 20:03:57,804 - engine.order_book - WARNING - Order af8ad0e9-9027-46a8-ba25-de8a3ec93f1a not found in order book
2025-06-14 20:03:57,805 - engine.order_book - INFO - Removing order 0d7d2056-6620-42aa-a938-5b3f1ec8d507 from order book
2025-06-14 20:03:57,806 - engine.order_book - WARNING - Order 0d7d2056-6620-42aa-a938-5b3f1ec8d507 not found in order book
2025-06-14 20:03:57,806 - engine.matching_engine - INFO - Current BBO for BTC_USD: {'best_bid': None, 'best_bid_quantity': None, 'best_ask': None, 'best_ask_quantity': None, 'timestamp': '2025-06-14T14:33:57.806877'}
2025-06-14 20:03:57,807 - engine.matching_engine - INFO - Updated BBO for BTC_USD: {'best_bid': None, 'best_bid_quantity': None, 'best_ask': None, 'best_ask_quantity': None, 'timestamp': '2025-06-14T14:33:57.806877'}
2025-06-14 20:03:57,809 - engine.matching_engine - ERROR - Error broadcasting updates: Object of type datetime is not JSON serializable
Traceback (most recent call last):
  File "C:\Users\Krishnaansh Goel\OneDrive\Desktop\Projects\Goquant5\backend\engine\matching_engine.py", line 296, in _broadcast_updates
    await broadcast_trade(order.symbol, trade.dict())
  File "C:\Users\Krishnaansh Goel\OneDrive\Desktop\Projects\Goquant5\backend\api\websocket.py", line 255, in broadcast_trade
    await ws_manager.broadcast_trade(f"trades_{symbol}", trade)
  File "C:\Users\Krishnaansh Goel\OneDrive\Desktop\Projects\Goquant5\backend\engine\websocket_manager.py", line 130, in broadcast_trade
    message = json.dumps({
              ^^^^^^^^^^^^
  File "C:\Users\Krishnaansh Goel\AppData\Local\Programs\Python\Python312\Lib\json\__init__.py", line 238, in dumps
    **kw).encode(obj)
          ^^^^^^^^^^^
  File "C:\Users\Krishnaansh Goel\AppData\Local\Programs\Python\Python312\Lib\json\encoder.py", line 200, in encode
    chunks = self.iterencode(o, _one_shot=True)
             ^^^^^^^^^^^^^^^^^^^^^^^^^^^^^^^^^^
  File "C:\Users\Krishnaansh Goel\AppData\Local\Programs\Python\Python312\Lib\json\encoder.py", line 258, in iterencode
    return _iterencode(o, 0)
           ^^^^^^^^^^^^^^^^^
  File "C:\Users\Krishnaansh Goel\OneDrive\Desktop\Projects\Goquant5\backend\engine\websocket_manager.py", line 16, in default
    return super().default(obj)
           ^^^^^^^^^^^^^^^^^^^^
  File "C:\Users\Krishnaansh Goel\AppData\Local\Programs\Python\Python312\Lib\json\encoder.py", line 180, in default
    raise TypeError(f'Object of type {o.__class__.__name__} '
TypeError: Object of type datetime is not JSON serializable
2025-06-14 20:36:25,260 - engine.redis_persistence - INFO - Redis connection pool initialized
2025-06-14 20:36:25,261 - engine.matching_engine - INFO - MatchingEngine initialized
2025-06-14 20:40:55,596 - engine.redis_persistence - INFO - Redis connection pool initialized
2025-06-14 20:40:55,599 - engine.matching_engine - INFO - MatchingEngine initialized
2025-06-14 20:43:17,896 - engine.redis_persistence - INFO - Redis connection pool initialized
2025-06-14 20:43:17,896 - engine.matching_engine - INFO - MatchingEngine initialized
2025-06-14 20:52:54,556 - engine.redis_persistence - INFO - Redis connection pool initialized
2025-06-14 20:52:54,556 - engine.matching_engine - INFO - MatchingEngine initialized
2025-06-14 22:04:38,241 - engine.matching_engine - INFO - Processing new order a05f897f-faa9-4106-854f-e3c856e64d41 of type OrderType.LIMIT for BTC_USD
2025-06-14 22:04:38,332 - engine.matching_engine - INFO - Found 0 activated orders to process
2025-06-14 22:04:41,165 - engine.redis_persistence - INFO - Order book state saved for BTC_USD
2025-06-14 22:04:41,166 - engine.matching_engine - INFO - Current BBO for BTC_USD: {'best_bid': None, 'best_bid_quantity': None, 'best_ask': 60000.0, 'best_ask_quantity': 1.0, 'timestamp': '2025-06-14T16:34:41.166969'}
2025-06-14 22:04:41,168 - engine.matching_engine - INFO - Updated BBO for BTC_USD: {'best_bid': None, 'best_bid_quantity': None, 'best_ask': 60000.0, 'best_ask_quantity': 1.0, 'timestamp': '2025-06-14T16:34:41.166969'}
2025-06-14 22:06:02,663 - engine.redis_persistence - INFO - Redis connection pool initialized
2025-06-14 22:06:02,666 - engine.matching_engine - INFO - MatchingEngine initialized
2025-06-14 22:06:10,851 - engine.matching_engine - INFO - Processing new order 48769db4-81e7-49b8-a461-76470a6fa5db of type OrderType.LIMIT for BTC_USD
2025-06-14 22:06:10,855 - engine.matching_engine - INFO - Found 0 activated orders to process
2025-06-14 22:06:12,659 - engine.redis_persistence - INFO - Order book state saved for BTC_USD
2025-06-14 22:06:12,660 - engine.matching_engine - INFO - Current BBO for BTC_USD: {'best_bid': None, 'best_bid_quantity': None, 'best_ask': 60000.0, 'best_ask_quantity': 1.0, 'timestamp': '2025-06-14T16:36:12.660539'}
2025-06-14 22:06:12,661 - engine.matching_engine - INFO - Updated BBO for BTC_USD: {'best_bid': None, 'best_bid_quantity': None, 'best_ask': 60000.0, 'best_ask_quantity': 1.0, 'timestamp': '2025-06-14T16:36:12.660539'}
2025-06-14 22:08:28,638 - engine.redis_persistence - INFO - Redis connection pool initialized
2025-06-14 22:08:28,638 - engine.matching_engine - INFO - MatchingEngine initialized
2025-06-14 22:08:54,191 - engine.matching_engine - INFO - Processing new order b11bf039-8e73-4bdc-8aaa-9a2c9d9ccc82 of type OrderType.LIMIT for BTC_USD
2025-06-14 22:08:54,193 - engine.matching_engine - INFO - Found 0 activated orders to process
2025-06-14 22:08:55,902 - engine.redis_persistence - INFO - Order book state saved for BTC_USD
2025-06-14 22:08:55,904 - engine.matching_engine - INFO - Current BBO for BTC_USD: {'best_bid': None, 'best_bid_quantity': None, 'best_ask': 60000.0, 'best_ask_quantity': 1.0, 'timestamp': '2025-06-14T16:38:55.903934'}
2025-06-14 22:08:55,905 - engine.matching_engine - INFO - Updated BBO for BTC_USD: {'best_bid': None, 'best_bid_quantity': None, 'best_ask': 60000.0, 'best_ask_quantity': 1.0, 'timestamp': '2025-06-14T16:38:55.903934'}
2025-06-14 22:09:11,103 - engine.redis_persistence - INFO - Redis connection pool initialized
2025-06-14 22:09:11,104 - engine.matching_engine - INFO - MatchingEngine initialized
2025-06-14 22:09:14,001 - engine.matching_engine - INFO - Processing new order e7287f9c-2364-4ea5-828d-8a3f487fe53f of type OrderType.LIMIT for BTC_USD
2025-06-14 22:09:14,005 - engine.matching_engine - INFO - Found 0 activated orders to process
2025-06-14 22:09:15,632 - engine.redis_persistence - INFO - Order book state saved for BTC_USD
2025-06-14 22:09:15,633 - engine.matching_engine - INFO - Current BBO for BTC_USD: {'best_bid': None, 'best_bid_quantity': None, 'best_ask': 60000.0, 'best_ask_quantity': 1.0, 'timestamp': '2025-06-14T16:39:15.633983'}
2025-06-14 22:09:15,634 - engine.matching_engine - INFO - Updated BBO for BTC_USD: {'best_bid': None, 'best_bid_quantity': None, 'best_ask': 60000.0, 'best_ask_quantity': 1.0, 'timestamp': '2025-06-14T16:39:15.633983'}
2025-06-14 22:09:38,838 - engine.redis_persistence - INFO - Redis connection pool initialized
2025-06-14 22:09:38,839 - engine.matching_engine - INFO - MatchingEngine initialized
2025-06-14 22:09:41,753 - engine.matching_engine - INFO - Processing new order 342ee856-8c60-4c29-9b08-538f9fee0dbb of type OrderType.LIMIT for BTC_USD
2025-06-14 22:09:41,755 - engine.matching_engine - INFO - Found 0 activated orders to process
2025-06-14 22:09:43,401 - engine.redis_persistence - INFO - Order book state saved for BTC_USD
2025-06-14 22:09:43,402 - engine.matching_engine - INFO - Current BBO for BTC_USD: {'best_bid': None, 'best_bid_quantity': None, 'best_ask': 60000.0, 'best_ask_quantity': 1.0, 'timestamp': '2025-06-14T16:39:43.402002'}
2025-06-14 22:09:43,403 - engine.matching_engine - INFO - Updated BBO for BTC_USD: {'best_bid': None, 'best_bid_quantity': None, 'best_ask': 60000.0, 'best_ask_quantity': 1.0, 'timestamp': '2025-06-14T16:39:43.402002'}
2025-06-14 22:11:11,655 - engine.redis_persistence - INFO - Redis connection pool initialized
2025-06-14 22:11:11,656 - engine.matching_engine - INFO - MatchingEngine initialized
2025-06-14 22:11:38,481 - engine.matching_engine - INFO - Processing new order 44b90032-abf5-42b0-90e0-22e81cf37e9a of type OrderType.LIMIT for BTC_USD
2025-06-14 22:11:38,484 - engine.matching_engine - INFO - Found 0 activated orders to process
2025-06-14 22:11:40,043 - engine.redis_persistence - INFO - Order book state saved for BTC_USD
2025-06-14 22:11:40,044 - engine.matching_engine - INFO - Current BBO for BTC_USD: {'best_bid': None, 'best_bid_quantity': None, 'best_ask': 60000.0, 'best_ask_quantity': 1.0, 'timestamp': '2025-06-14T16:41:40.043689'}
2025-06-14 22:11:40,044 - engine.matching_engine - INFO - Updated BBO for BTC_USD: {'best_bid': None, 'best_bid_quantity': None, 'best_ask': 60000.0, 'best_ask_quantity': 1.0, 'timestamp': '2025-06-14T16:41:40.043689'}
2025-06-14 22:13:37,129 - engine.matching_engine - INFO - Processing new order 593d85ef-7dc5-4541-bab6-990166ec7727 of type OrderType.LIMIT for BTC_USD
2025-06-14 22:13:37,130 - engine.matching_engine - INFO - Found 0 activated orders to process
2025-06-14 22:13:37,458 - engine.redis_persistence - INFO - Order book state saved for BTC_USD
2025-06-14 22:13:37,459 - engine.matching_engine - INFO - Current BBO for BTC_USD: {'best_bid': None, 'best_bid_quantity': None, 'best_ask': 60000.0, 'best_ask_quantity': 1.0, 'timestamp': '2025-06-14T16:43:37.459601'}
2025-06-14 22:13:37,460 - engine.matching_engine - INFO - Updated BBO for BTC_USD: {'best_bid': None, 'best_bid_quantity': None, 'best_ask': 60000.0, 'best_ask_quantity': 1.0, 'timestamp': '2025-06-14T16:43:37.459601'}
2025-06-14 22:26:21,564 - engine.matching_engine - INFO - Processing new order 072aabd0-d8b5-4903-9658-e4017366c812 of type OrderType.MARKET for BTC_USD
2025-06-14 22:26:21,597 - engine.matching_engine - INFO - Found 0 activated orders to process
2025-06-14 22:26:21,624 - engine.order_book - INFO - Updated best ask to price 80000.0 with 1 orders and total quantity 2.0
2025-06-14 22:26:22,012 - engine.redis_persistence - INFO - Order book state saved for BTC_USD
2025-06-14 22:26:22,350 - engine.redis_persistence - INFO - Trade f6239ae6-2981-4692-b332-5244f281041e saved
2025-06-14 22:26:22,351 - engine.order_book - INFO - Removing order 072aabd0-d8b5-4903-9658-e4017366c812 from order book
2025-06-14 22:26:22,351 - engine.order_book - WARNING - Order 072aabd0-d8b5-4903-9658-e4017366c812 not found in order book
2025-06-14 22:26:22,351 - engine.order_book - INFO - Removing order 44b90032-abf5-42b0-90e0-22e81cf37e9a from order book
2025-06-14 22:26:22,353 - engine.order_book - WARNING - Order 44b90032-abf5-42b0-90e0-22e81cf37e9a not found in order book
2025-06-14 22:26:22,353 - engine.matching_engine - INFO - Current BBO for BTC_USD: {'best_bid': None, 'best_bid_quantity': None, 'best_ask': 80000.0, 'best_ask_quantity': 2.0, 'timestamp': '2025-06-14T16:56:22.353995'}
2025-06-14 22:26:22,354 - engine.matching_engine - INFO - Updated BBO for BTC_USD: {'best_bid': None, 'best_bid_quantity': None, 'best_ask': 80000.0, 'best_ask_quantity': 2.0, 'timestamp': '2025-06-14T16:56:22.353995'}
2025-06-14 22:26:43,331 - engine.matching_engine - INFO - Processing new order 7de322e3-281d-4bab-8e63-2cbbc1be1486 of type OrderType.MARKET for BTC_USD
2025-06-14 22:26:43,332 - engine.matching_engine - INFO - Found 0 activated orders to process
2025-06-14 22:26:43,679 - engine.redis_persistence - INFO - Order book state saved for BTC_USD
2025-06-14 22:26:44,023 - engine.redis_persistence - INFO - Trade c8752204-0dee-4d53-97fe-ce147b00ec5d saved
2025-06-14 22:26:44,024 - engine.order_book - INFO - Removing order 7de322e3-281d-4bab-8e63-2cbbc1be1486 from order book
2025-06-14 22:26:44,025 - engine.order_book - WARNING - Order 7de322e3-281d-4bab-8e63-2cbbc1be1486 not found in order book
2025-06-14 22:26:44,025 - engine.order_book - INFO - Removing order 593d85ef-7dc5-4541-bab6-990166ec7727 from order book
2025-06-14 22:26:44,026 - engine.order_book - INFO - Removing order from best ask level at price 80000.0
2025-06-14 22:26:44,026 - engine.order_book - INFO - No asks left, best ask set to None
2025-06-14 22:26:44,028 - engine.matching_engine - INFO - Current BBO for BTC_USD: {'best_bid': None, 'best_bid_quantity': None, 'best_ask': None, 'best_ask_quantity': None, 'timestamp': '2025-06-14T16:56:44.026811'}
2025-06-14 22:26:44,028 - engine.matching_engine - INFO - Updated BBO for BTC_USD: {'best_bid': None, 'best_bid_quantity': None, 'best_ask': None, 'best_ask_quantity': None, 'timestamp': '2025-06-14T16:56:44.026811'}
2025-06-14 22:27:06,995 - engine.matching_engine - INFO - Processing new order ee0f9f35-a6f9-4e52-985b-25447b3a47ca of type OrderType.LIMIT for BTC_USD
2025-06-14 22:27:06,996 - engine.matching_engine - INFO - Found 0 activated orders to process
2025-06-14 22:27:07,336 - engine.redis_persistence - INFO - Order book state saved for BTC_USD
2025-06-14 22:27:07,337 - engine.matching_engine - INFO - Current BBO for BTC_USD: {'best_bid': None, 'best_bid_quantity': None, 'best_ask': 80000.0, 'best_ask_quantity': 2.0, 'timestamp': '2025-06-14T16:57:07.337641'}
2025-06-14 22:27:07,338 - engine.matching_engine - INFO - Updated BBO for BTC_USD: {'best_bid': None, 'best_bid_quantity': None, 'best_ask': 80000.0, 'best_ask_quantity': 2.0, 'timestamp': '2025-06-14T16:57:07.337641'}
2025-06-14 22:27:15,923 - engine.matching_engine - INFO - Processing new order d7ea2793-e8b6-4083-a28e-20fe7502afbe of type OrderType.LIMIT for BTC_USD
2025-06-14 22:27:15,925 - engine.matching_engine - INFO - Found 0 activated orders to process
2025-06-14 22:27:16,258 - engine.redis_persistence - INFO - Order book state saved for BTC_USD
2025-06-14 22:27:16,610 - engine.redis_persistence - INFO - Trade 7100da1e-e1b9-41d5-9f91-5d953035ca0d saved
2025-06-14 22:27:16,611 - engine.order_book - INFO - Removing order d7ea2793-e8b6-4083-a28e-20fe7502afbe from order book
2025-06-14 22:27:16,611 - engine.order_book - INFO - Removing order from best bid level at price 80000.0
2025-06-14 22:27:16,611 - engine.order_book - INFO - No bids left, best bid set to None
2025-06-14 22:27:16,612 - engine.matching_engine - INFO - Removed filled buy order d7ea2793-e8b6-4083-a28e-20fe7502afbe
2025-06-14 22:27:16,613 - engine.order_book - INFO - Removing order ee0f9f35-a6f9-4e52-985b-25447b3a47ca from order book
2025-06-14 22:27:16,613 - engine.order_book - INFO - Removing order from best ask level at price 80000.0
2025-06-14 22:27:16,614 - engine.order_book - INFO - No asks left, best ask set to None
2025-06-14 22:27:16,614 - engine.matching_engine - INFO - Current BBO for BTC_USD: {'best_bid': None, 'best_bid_quantity': None, 'best_ask': None, 'best_ask_quantity': None, 'timestamp': '2025-06-14T16:57:16.614726'}
2025-06-14 22:27:16,615 - engine.matching_engine - INFO - Updated BBO for BTC_USD: {'best_bid': None, 'best_bid_quantity': None, 'best_ask': None, 'best_ask_quantity': None, 'timestamp': '2025-06-14T16:57:16.614726'}
2025-06-14 22:27:22,590 - engine.matching_engine - INFO - Processing new order 153a4b7a-650d-40ad-afdb-6a686917ac18 of type OrderType.TAKE_PROFIT for BTC_USD
2025-06-14 22:27:22,591 - engine.matching_engine - INFO - Found 0 activated orders to process
2025-06-14 22:27:22,943 - engine.redis_persistence - INFO - Order book state saved for BTC_USD
2025-06-14 22:27:22,944 - engine.matching_engine - INFO - Current BBO for BTC_USD: {'best_bid': None, 'best_bid_quantity': None, 'best_ask': None, 'best_ask_quantity': None, 'timestamp': '2025-06-14T16:57:22.944381'}
2025-06-14 22:27:22,945 - engine.matching_engine - INFO - Updated BBO for BTC_USD: {'best_bid': None, 'best_bid_quantity': None, 'best_ask': None, 'best_ask_quantity': None, 'timestamp': '2025-06-14T16:57:22.944381'}
2025-06-14 22:30:29,235 - engine.redis_persistence - INFO - Redis connection pool initialized
2025-06-14 22:30:29,235 - engine.matching_engine - INFO - MatchingEngine initialized
2025-06-14 22:30:41,360 - engine.matching_engine - INFO - Processing new order c92edcfa-2718-44eb-9c2e-44158fcf68a6 of type OrderType.LIMIT for BTC_USD
2025-06-14 22:30:41,363 - engine.matching_engine - INFO - Found 0 activated orders to process
2025-06-14 22:30:43,061 - engine.redis_persistence - INFO - Order book state saved for BTC_USD
2025-06-14 22:30:43,062 - engine.matching_engine - INFO - Current BBO for BTC_USD: {'best_bid': 80000.0, 'best_bid_quantity': 2.0, 'best_ask': None, 'best_ask_quantity': None, 'timestamp': '2025-06-14T17:00:43.062200'}
2025-06-14 22:30:43,063 - engine.matching_engine - INFO - Updated BBO for BTC_USD: {'best_bid': 80000.0, 'best_bid_quantity': 2.0, 'best_ask': None, 'best_ask_quantity': None, 'timestamp': '2025-06-14T17:00:43.062200'}
2025-06-14 22:31:01,191 - engine.matching_engine - INFO - Processing new order a75cd198-c2f9-43ff-b51e-806478942674 of type OrderType.LIMIT for BTC_USD
2025-06-14 22:31:01,193 - engine.matching_engine - INFO - Found 0 activated orders to process
2025-06-14 22:31:01,544 - engine.redis_persistence - INFO - Order book state saved for BTC_USD
2025-06-14 22:31:01,893 - engine.redis_persistence - INFO - Trade 038941e3-2539-45ff-a9e2-3e08728839c7 saved
2025-06-14 22:31:01,893 - engine.order_book - INFO - Removing order c92edcfa-2718-44eb-9c2e-44158fcf68a6 from order book
2025-06-14 22:31:01,893 - engine.order_book - INFO - Removing order from best bid level at price 80000.0
2025-06-14 22:31:01,893 - engine.order_book - INFO - No bids left, best bid set to None
2025-06-14 22:31:01,894 - engine.order_book - INFO - Removing order a75cd198-c2f9-43ff-b51e-806478942674 from order book
2025-06-14 22:31:01,895 - engine.order_book - INFO - Removing order from best ask level at price 80000.0
2025-06-14 22:31:01,895 - engine.order_book - INFO - No asks left, best ask set to None
2025-06-14 22:31:01,895 - engine.matching_engine - INFO - Removed filled sell order a75cd198-c2f9-43ff-b51e-806478942674
2025-06-14 22:31:01,895 - engine.matching_engine - INFO - Current BBO for BTC_USD: {'best_bid': None, 'best_bid_quantity': None, 'best_ask': None, 'best_ask_quantity': None, 'timestamp': '2025-06-14T17:01:01.895890'}
2025-06-14 22:31:01,896 - engine.matching_engine - INFO - Updated BBO for BTC_USD: {'best_bid': None, 'best_bid_quantity': None, 'best_ask': None, 'best_ask_quantity': None, 'timestamp': '2025-06-14T17:01:01.895890'}
2025-06-14 22:35:29,455 - engine.redis_persistence - INFO - Redis connection pool initialized
2025-06-14 22:35:29,455 - engine.matching_engine - INFO - MatchingEngine initialized
2025-06-14 22:36:29,923 - engine.redis_persistence - INFO - Redis connection pool initialized
2025-06-14 22:36:29,923 - engine.matching_engine - INFO - MatchingEngine initialized
2025-06-14 22:36:42,214 - engine.matching_engine - INFO - Processing new order adb9e5ee-e37b-4e07-8bc5-f3c8974b8c56 of type OrderType.LIMIT for BTC_USD
2025-06-14 22:36:42,218 - engine.matching_engine - INFO - Found 0 activated orders to process
2025-06-14 22:36:44,399 - engine.redis_persistence - INFO - Order book state saved for BTC_USD
2025-06-14 22:36:44,400 - engine.matching_engine - INFO - Current BBO for BTC_USD: {'best_bid': None, 'best_bid_quantity': None, 'best_ask': 80000.0, 'best_ask_quantity': 5.0, 'timestamp': '2025-06-14T17:06:44.400616'}
2025-06-14 22:36:44,401 - engine.matching_engine - INFO - Updated BBO for BTC_USD: {'best_bid': None, 'best_bid_quantity': None, 'best_ask': 80000.0, 'best_ask_quantity': 5.0, 'timestamp': '2025-06-14T17:06:44.400616'}
2025-06-14 22:37:07,949 - engine.matching_engine - INFO - Processing new order b746ad4c-1b9c-4c28-b944-de45cdd7689e of type OrderType.LIMIT for BTC_USD
2025-06-14 22:37:07,950 - engine.matching_engine - INFO - Found 0 activated orders to process
2025-06-14 22:37:08,319 - engine.redis_persistence - INFO - Order book state saved for BTC_USD
2025-06-14 22:37:08,674 - engine.redis_persistence - INFO - Trade 25a7c59b-50a4-4f33-85dc-f425b286c575 saved
2025-06-14 22:37:08,675 - engine.order_book - INFO - Removing order b746ad4c-1b9c-4c28-b944-de45cdd7689e from order book
2025-06-14 22:37:08,679 - engine.order_book - INFO - Removing order from best bid level at price 80000.0
2025-06-14 22:37:08,680 - engine.order_book - INFO - No bids left, best bid set to None
2025-06-14 22:37:08,680 - engine.matching_engine - INFO - Removed filled buy order b746ad4c-1b9c-4c28-b944-de45cdd7689e
2025-06-14 22:37:08,681 - engine.order_book - INFO - Removing order adb9e5ee-e37b-4e07-8bc5-f3c8974b8c56 from order book
2025-06-14 22:37:08,682 - engine.order_book - INFO - Removing order from best ask level at price 80000.0
2025-06-14 22:37:08,683 - engine.order_book - INFO - No asks left, best ask set to None
2025-06-14 22:37:08,684 - engine.matching_engine - INFO - Current BBO for BTC_USD: {'best_bid': None, 'best_bid_quantity': None, 'best_ask': None, 'best_ask_quantity': None, 'timestamp': '2025-06-14T17:07:08.684647'}
2025-06-14 22:37:08,685 - engine.matching_engine - INFO - Updated BBO for BTC_USD: {'best_bid': None, 'best_bid_quantity': None, 'best_ask': None, 'best_ask_quantity': None, 'timestamp': '2025-06-14T17:07:08.684647'}
2025-06-14 22:38:49,937 - engine.redis_persistence - INFO - Redis connection pool initialized
2025-06-14 22:38:49,938 - engine.matching_engine - INFO - MatchingEngine initialized
2025-06-14 22:43:53,025 - engine.redis_persistence - INFO - Redis connection pool initialized
2025-06-14 22:43:53,026 - engine.matching_engine - INFO - MatchingEngine initialized
2025-06-14 22:45:23,730 - engine.redis_persistence - INFO - Redis connection pool initialized
2025-06-14 22:45:23,731 - engine.matching_engine - INFO - MatchingEngine initialized
2025-06-14 22:45:36,636 - engine.matching_engine - INFO - Processing new order 7540ddc8-3a94-4931-927d-f67fd5c08123 of type OrderType.LIMIT for BTC_USD
2025-06-14 22:45:36,638 - engine.matching_engine - INFO - Found 0 activated orders to process
2025-06-14 22:45:38,435 - engine.redis_persistence - INFO - Order book state saved for BTC_USD
2025-06-14 22:45:38,436 - engine.matching_engine - INFO - Current BBO for BTC_USD: {'best_bid': 80000.0, 'best_bid_quantity': 3.0, 'best_ask': None, 'best_ask_quantity': None, 'timestamp': '2025-06-14T17:15:38.436169'}
2025-06-14 22:45:38,436 - engine.matching_engine - INFO - Updated BBO for BTC_USD: {'best_bid': 80000.0, 'best_bid_quantity': 3.0, 'best_ask': None, 'best_ask_quantity': None, 'timestamp': '2025-06-14T17:15:38.436169'}
2025-06-14 22:45:53,452 - engine.matching_engine - INFO - Processing new order 700fec62-b9b7-4914-bfed-0dfb922cbcdc of type OrderType.LIMIT for BTC_USD
2025-06-14 22:45:53,453 - engine.matching_engine - INFO - Found 0 activated orders to process
2025-06-14 22:47:24,696 - engine.redis_persistence - INFO - Redis connection pool initialized
2025-06-14 22:47:24,697 - engine.matching_engine - INFO - MatchingEngine initialized
2025-06-14 22:47:39,294 - engine.matching_engine - INFO - Processing new order 3b190a7d-1218-49d4-bb4a-dee24f84dec9 of type OrderType.LIMIT for BTC_USD
2025-06-14 22:47:39,297 - engine.matching_engine - INFO - Found 0 activated orders to process
2025-06-14 22:47:40,972 - engine.redis_persistence - INFO - Order book state saved for BTC_USD
2025-06-14 22:47:40,974 - engine.matching_engine - INFO - Current BBO for BTC_USD: {'best_bid': None, 'best_bid_quantity': None, 'best_ask': 80000.0, 'best_ask_quantity': 3.0, 'timestamp': '2025-06-14T17:17:40.974602'}
2025-06-14 22:47:40,977 - engine.matching_engine - INFO - Updated BBO for BTC_USD: {'best_bid': None, 'best_bid_quantity': None, 'best_ask': 80000.0, 'best_ask_quantity': 3.0, 'timestamp': '2025-06-14T17:17:40.974602'}
2025-06-14 22:47:48,559 - engine.matching_engine - INFO - Processing new order c873df05-f1db-4827-8b61-f3e94756c278 of type OrderType.LIMIT for BTC_USD
2025-06-14 22:47:48,561 - engine.matching_engine - INFO - Found 0 activated orders to process
2025-06-14 22:48:06,034 - engine.redis_persistence - INFO - Redis connection pool initialized
2025-06-14 22:48:06,035 - engine.matching_engine - INFO - MatchingEngine initialized
2025-06-14 22:48:13,631 - engine.matching_engine - INFO - Processing new order a4d64235-ebd9-4b4e-8b68-27d3237382d2 of type OrderType.LIMIT for BTC_USD
2025-06-14 22:48:13,634 - engine.matching_engine - INFO - Found 0 activated orders to process
2025-06-14 22:48:15,382 - engine.redis_persistence - INFO - Order book state saved for BTC_USD
2025-06-14 22:48:15,383 - engine.matching_engine - INFO - Current BBO for BTC_USD: {'best_bid': 80000.0, 'best_bid_quantity': 3.0, 'best_ask': None, 'best_ask_quantity': None, 'timestamp': '2025-06-14T17:18:15.382940'}
2025-06-14 22:48:15,384 - engine.matching_engine - INFO - Updated BBO for BTC_USD: {'best_bid': 80000.0, 'best_bid_quantity': 3.0, 'best_ask': None, 'best_ask_quantity': None, 'timestamp': '2025-06-14T17:18:15.382940'}
2025-06-14 22:48:23,332 - engine.matching_engine - INFO - Processing new order 124781f6-2a3f-4641-8a79-3655a4b7df91 of type OrderType.LIMIT for BTC_USD
2025-06-14 22:48:23,336 - engine.matching_engine - INFO - Found 0 activated orders to process
2025-06-14 22:48:23,676 - engine.redis_persistence - INFO - Order book state saved for BTC_USD
2025-06-14 22:48:24,022 - engine.redis_persistence - INFO - Trade 86ab65a4-108d-44f1-b2a7-97c9f1a9df7c saved
2025-06-14 22:48:24,023 - engine.order_book - INFO - Removing order a4d64235-ebd9-4b4e-8b68-27d3237382d2 from order book
2025-06-14 22:48:24,024 - engine.order_book - INFO - Removing order from best bid level at price 80000.0
2025-06-14 22:48:24,025 - engine.order_book - INFO - No bids left, best bid set to None
2025-06-14 22:48:24,026 - engine.order_book - INFO - Removing order 124781f6-2a3f-4641-8a79-3655a4b7df91 from order book
2025-06-14 22:48:24,029 - engine.order_book - INFO - Removing order from best ask level at price 80000.0
2025-06-14 22:48:24,030 - engine.order_book - INFO - No asks left, best ask set to None
2025-06-14 22:48:24,031 - engine.matching_engine - INFO - Removed filled sell order 124781f6-2a3f-4641-8a79-3655a4b7df91
2025-06-14 22:48:24,033 - engine.matching_engine - INFO - Current BBO for BTC_USD: {'best_bid': None, 'best_bid_quantity': None, 'best_ask': None, 'best_ask_quantity': None, 'timestamp': '2025-06-14T17:18:24.033195'}
2025-06-14 22:48:24,036 - engine.matching_engine - INFO - Updated BBO for BTC_USD: {'best_bid': None, 'best_bid_quantity': None, 'best_ask': None, 'best_ask_quantity': None, 'timestamp': '2025-06-14T17:18:24.033195'}
2025-06-14 22:50:38,732 - engine.redis_persistence - INFO - Redis connection pool initialized
2025-06-14 22:50:38,733 - engine.matching_engine - INFO - MatchingEngine initialized
2025-06-14 22:50:51,975 - engine.matching_engine - INFO - Processing new order 51bf3093-04ab-483f-960b-1d4b3b4c0220 of type OrderType.LIMIT for BTC_USD
2025-06-14 22:50:51,978 - engine.matching_engine - INFO - Found 0 activated orders to process
2025-06-14 22:50:53,652 - engine.redis_persistence - INFO - Order book state saved for BTC_USD
2025-06-14 22:50:53,652 - engine.matching_engine - INFO - Current BBO for BTC_USD: {'best_bid': None, 'best_bid_quantity': None, 'best_ask': 80000.0, 'best_ask_quantity': 5.0, 'timestamp': '2025-06-14T17:20:53.652745'}
2025-06-14 22:50:53,653 - engine.matching_engine - INFO - Updated BBO for BTC_USD: {'best_bid': None, 'best_bid_quantity': None, 'best_ask': 80000.0, 'best_ask_quantity': 5.0, 'timestamp': '2025-06-14T17:20:53.652745'}
2025-06-14 22:51:12,510 - engine.matching_engine - INFO - Processing new order 9777575d-30d8-46f4-8253-2e8339392514 of type OrderType.LIMIT for BTC_USD
2025-06-14 22:51:12,511 - engine.matching_engine - INFO - Found 0 activated orders to process
2025-06-14 22:51:12,844 - engine.redis_persistence - INFO - Order book state saved for BTC_USD
2025-06-14 22:51:13,175 - engine.redis_persistence - INFO - Trade ecaf2fe6-59d3-4f48-8926-0d96c212b54a saved
2025-06-14 22:51:13,176 - engine.order_book - INFO - Removing order 9777575d-30d8-46f4-8253-2e8339392514 from order book
2025-06-14 22:51:13,177 - engine.order_book - INFO - Removing order from best bid level at price 80000.0
2025-06-14 22:51:13,178 - engine.order_book - INFO - No bids left, best bid set to None
2025-06-14 22:51:13,178 - engine.matching_engine - INFO - Removed filled buy order 9777575d-30d8-46f4-8253-2e8339392514
2025-06-14 22:51:13,179 - engine.order_book - INFO - Removing order 51bf3093-04ab-483f-960b-1d4b3b4c0220 from order book
2025-06-14 22:51:13,180 - engine.order_book - INFO - Removing order from best ask level at price 80000.0
2025-06-14 22:51:13,180 - engine.order_book - INFO - No asks left, best ask set to None
2025-06-14 22:51:13,181 - engine.matching_engine - INFO - Current BBO for BTC_USD: {'best_bid': None, 'best_bid_quantity': None, 'best_ask': None, 'best_ask_quantity': None, 'timestamp': '2025-06-14T17:21:13.181554'}
2025-06-14 22:51:13,181 - engine.matching_engine - INFO - Updated BBO for BTC_USD: {'best_bid': None, 'best_bid_quantity': None, 'best_ask': None, 'best_ask_quantity': None, 'timestamp': '2025-06-14T17:21:13.181554'}
2025-06-14 22:54:19,178 - engine.redis_persistence - INFO - Redis connection pool initialized
2025-06-14 22:54:19,184 - engine.matching_engine - INFO - MatchingEngine initialized
2025-06-14 22:54:27,583 - engine.redis_persistence - INFO - Redis connection pool initialized
2025-06-14 22:54:27,585 - engine.matching_engine - INFO - MatchingEngine initialized
2025-06-14 22:54:41,457 - engine.redis_persistence - INFO - Redis connection pool initialized
2025-06-14 22:54:41,458 - engine.matching_engine - INFO - MatchingEngine initialized
2025-06-14 22:54:50,804 - engine.matching_engine - INFO - Processing new order 18566c4d-22e5-4d67-888b-033bebc227f2 of type OrderType.LIMIT for BTC_USD
2025-06-14 22:54:50,805 - engine.matching_engine - INFO - Found 0 activated orders to process
2025-06-14 22:54:52,511 - engine.redis_persistence - INFO - Order book state saved for BTC_USD
2025-06-14 22:54:52,513 - engine.matching_engine - INFO - Current BBO for BTC_USD: {'best_bid': 80000.0, 'best_bid_quantity': 3.0, 'best_ask': None, 'best_ask_quantity': None, 'timestamp': '2025-06-14T17:24:52.513257'}
2025-06-14 22:54:52,514 - engine.matching_engine - INFO - Updated BBO for BTC_USD: {'best_bid': 80000.0, 'best_bid_quantity': 3.0, 'best_ask': None, 'best_ask_quantity': None, 'timestamp': '2025-06-14T17:24:52.513257'}
2025-06-14 22:54:52,514 - engine.matching_engine - INFO - Pending orders for BTC_USD: {'bids': [{'price': '80000.0', 'quantity': '3.0', 'orders': [{'id': '18566c4d-22e5-4d67-888b-033bebc227f2', 'side': 'BUY', 'type': 'LIMIT', 'quantity': '3.0', 'filled_quantity': '0', 'status': 'PARTIALLY_FILLED', 'timestamp': '2025-06-14T17:24:50.804063'}]}], 'asks': [], 'timestamp': '2025-06-14T17:24:52.514812'}
2025-06-14 22:55:02,334 - engine.matching_engine - INFO - Processing new order 185d0410-047a-454d-94fb-46b94a6330e5 of type OrderType.LIMIT for BTC_USD
2025-06-14 22:55:02,335 - engine.matching_engine - INFO - Found 0 activated orders to process
2025-06-14 22:55:02,337 - engine.order_book - INFO - Updated best bid quantity to 3.0 at price 80000.0
2025-06-14 22:55:02,678 - engine.redis_persistence - INFO - Order book state saved for BTC_USD
2025-06-14 22:55:03,016 - engine.redis_persistence - INFO - Trade 229d4c6c-c2c4-4657-ada1-966d343cdaef saved
2025-06-14 22:55:03,018 - engine.order_book - INFO - Removing order 18566c4d-22e5-4d67-888b-033bebc227f2 from order book
2025-06-14 22:55:03,018 - engine.order_book - INFO - Removing order from best bid level at price 80000.0
2025-06-14 22:55:03,019 - engine.order_book - INFO - No bids left, best bid set to None
2025-06-14 22:55:03,020 - engine.order_book - INFO - Removing order 185d0410-047a-454d-94fb-46b94a6330e5 from order book
2025-06-14 22:55:03,021 - engine.order_book - INFO - Removing order from best ask level at price 80000.0
2025-06-14 22:55:03,021 - engine.order_book - INFO - No asks left, best ask set to None
2025-06-14 22:55:03,022 - engine.matching_engine - INFO - Removed filled sell order 185d0410-047a-454d-94fb-46b94a6330e5
2025-06-14 22:55:03,023 - engine.matching_engine - INFO - Current BBO for BTC_USD: {'best_bid': None, 'best_bid_quantity': None, 'best_ask': None, 'best_ask_quantity': None, 'timestamp': '2025-06-14T17:25:03.023801'}
2025-06-14 22:55:03,024 - engine.matching_engine - INFO - Updated BBO for BTC_USD: {'best_bid': None, 'best_bid_quantity': None, 'best_ask': None, 'best_ask_quantity': None, 'timestamp': '2025-06-14T17:25:03.023801'}
2025-06-14 22:55:03,026 - engine.matching_engine - INFO - Pending orders for BTC_USD: {'bids': [], 'asks': [], 'timestamp': '2025-06-14T17:25:03.025618'}
2025-06-14 22:59:24,420 - engine.redis_persistence - INFO - Redis connection pool initialized
2025-06-14 22:59:24,421 - engine.matching_engine - INFO - MatchingEngine initialized
2025-06-14 22:59:40,584 - engine.matching_engine - INFO - Processing new order 057681f8-e81c-41a2-84ee-5bd1258464ea of type OrderType.LIMIT for BTC_USD
2025-06-14 22:59:40,589 - engine.matching_engine - INFO - Found 0 activated orders to process
2025-06-14 22:59:42,327 - engine.redis_persistence - INFO - Order book state saved for BTC_USD
2025-06-14 22:59:58,572 - engine.matching_engine - INFO - Processing new order 2b9dd41b-c6de-44a2-aa3b-a57ea2090a71 of type OrderType.LIMIT for BTC_USD
2025-06-14 22:59:58,573 - engine.matching_engine - INFO - Found 0 activated orders to process
2025-06-14 22:59:58,576 - engine.order_book - INFO - Updated best ask quantity to 3.0 at price 80000.0
2025-06-14 22:59:58,921 - engine.redis_persistence - INFO - Order book state saved for BTC_USD
2025-06-14 22:59:59,264 - engine.redis_persistence - INFO - Trade 50aaec0a-8463-485f-9d94-ebeb9ae0ebc6 saved
2025-06-14 23:08:12,873 - engine.redis_persistence - INFO - Redis connection pool initialized
2025-06-14 23:08:12,874 - engine.matching_engine - INFO - MatchingEngine initialized
2025-06-14 23:08:34,625 - engine.matching_engine - INFO - Processing new order d0d8d15e-d10c-429c-aab0-4b0f3a6bcaea of type OrderType.LIMIT for BTC_USD
2025-06-14 23:08:34,627 - engine.matching_engine - INFO - Found 0 activated orders to process
2025-06-14 23:08:36,273 - engine.redis_persistence - INFO - Order book state saved for BTC_USD
2025-06-14 23:08:43,507 - engine.matching_engine - INFO - Processing new order 841733cd-d2b7-4bfa-9af2-23fd2a0340b9 of type OrderType.LIMIT for BTC_USD
2025-06-14 23:08:43,508 - engine.matching_engine - INFO - Found 0 activated orders to process
2025-06-14 23:08:43,509 - engine.order_book - INFO - Updated best bid quantity to 3.0 at price 80000.0
2025-06-14 23:08:43,855 - engine.redis_persistence - INFO - Order book state saved for BTC_USD
2025-06-14 23:08:44,196 - engine.redis_persistence - INFO - Trade 5f060b19-6650-4da2-9ce0-8cf21ccf5ec5 saved
2025-06-14 23:13:12,574 - engine.redis_persistence - INFO - Redis connection pool initialized
2025-06-14 23:13:12,574 - engine.matching_engine - INFO - MatchingEngine initialized
2025-06-14 23:15:08,147 - engine.redis_persistence - INFO - Redis connection pool initialized
2025-06-14 23:15:08,147 - engine.matching_engine - INFO - MatchingEngine initialized
2025-06-14 23:15:24,151 - engine.matching_engine - INFO - Processing new order c9ad2afe-b295-4a35-9d86-03825de3628a of type OrderType.LIMIT for BTC_USD
2025-06-14 23:15:24,153 - engine.matching_engine - INFO - Found 0 activated orders to process
2025-06-14 23:15:25,780 - engine.redis_persistence - INFO - Order book state saved for BTC_USD
2025-06-14 23:15:25,781 - engine.matching_engine - INFO - Current BBO for BTC_USD: {'best_bid': None, 'best_bid_quantity': None, 'best_ask': 80000.0, 'best_ask_quantity': 1.0, 'timestamp': '2025-06-14T17:45:25.781096'}
2025-06-14 23:15:25,784 - engine.matching_engine - INFO - Updated BBO for BTC_USD: {'best_bid': None, 'best_bid_quantity': None, 'best_ask': 80000.0, 'best_ask_quantity': 1.0, 'timestamp': '2025-06-14T17:45:25.781096'}
2025-06-14 23:15:25,784 - engine.matching_engine - INFO - Pending orders for BTC_USD: {'bids': [], 'asks': [{'price': '80000.0', 'quantity': '1.0', 'orders': [{'id': 'c9ad2afe-b295-4a35-9d86-03825de3628a', 'side': 'SELL', 'type': 'LIMIT', 'quantity': '1.0', 'filled_quantity': '0', 'status': 'PARTIALLY_FILLED', 'timestamp': '2025-06-14T17:45:24.150943'}]}], 'timestamp': '2025-06-14T17:45:25.784628'}
2025-06-14 23:15:46,111 - engine.matching_engine - INFO - Processing new order c6504933-9a6d-4353-b670-12c78a62147e of type OrderType.LIMIT for BTC_USD
2025-06-14 23:15:46,111 - engine.matching_engine - INFO - Found 0 activated orders to process
2025-06-14 23:15:46,113 - engine.order_book - INFO - Updated best ask quantity to 1.0 at price 80000.0
2025-06-14 23:15:46,460 - engine.redis_persistence - INFO - Order book state saved for BTC_USD
2025-06-14 23:15:46,808 - engine.redis_persistence - INFO - Trade b4bc537e-5bac-4d1a-afd7-bd4d9b379b31 saved
2025-06-14 23:15:46,810 - engine.order_book - INFO - Removing order c6504933-9a6d-4353-b670-12c78a62147e from order book
2025-06-14 23:15:46,811 - engine.order_book - INFO - Removing order from best bid level at price 80000.0
2025-06-14 23:15:46,811 - engine.order_book - INFO - No bids left, best bid set to None
2025-06-14 23:15:46,812 - engine.matching_engine - INFO - Removed filled buy order c6504933-9a6d-4353-b670-12c78a62147e
2025-06-14 23:15:46,813 - engine.order_book - INFO - Removing order c9ad2afe-b295-4a35-9d86-03825de3628a from order book
2025-06-14 23:15:46,815 - engine.order_book - INFO - Removing order from best ask level at price 80000.0
2025-06-14 23:15:46,815 - engine.order_book - INFO - No asks left, best ask set to None
2025-06-14 23:15:46,816 - engine.matching_engine - INFO - Added partially filled sell order c9ad2afe-b295-4a35-9d86-03825de3628a back to order book
2025-06-14 23:15:46,818 - engine.matching_engine - INFO - Current BBO for BTC_USD: {'best_bid': None, 'best_bid_quantity': None, 'best_ask': 80000.0, 'best_ask_quantity': 0.5, 'timestamp': '2025-06-14T17:45:46.818103'}
2025-06-14 23:15:46,819 - engine.matching_engine - INFO - Updated BBO for BTC_USD: {'best_bid': None, 'best_bid_quantity': None, 'best_ask': 80000.0, 'best_ask_quantity': 0.5, 'timestamp': '2025-06-14T17:45:46.818103'}
2025-06-14 23:15:46,820 - engine.matching_engine - INFO - Pending orders for BTC_USD: {'bids': [], 'asks': [{'price': '80000.0', 'quantity': '0.5', 'orders': [{'id': 'c9ad2afe-b295-4a35-9d86-03825de3628a', 'side': 'SELL', 'type': 'LIMIT', 'quantity': '0.5', 'filled_quantity': '0.5', 'status': 'PARTIALLY_FILLED', 'timestamp': '2025-06-14T17:45:24.150943'}]}], 'timestamp': '2025-06-14T17:45:46.820658'}
2025-06-14 23:18:07,666 - engine.matching_engine - INFO - Processing new order e5a06f5f-503a-41ae-a054-1e4d2b719eb0 of type OrderType.LIMIT for BTC_USD
2025-06-14 23:18:07,667 - engine.matching_engine - INFO - Found 0 activated orders to process
2025-06-14 23:18:08,221 - engine.redis_persistence - INFO - Order book state saved for BTC_USD
2025-06-14 23:18:08,222 - engine.matching_engine - INFO - Current BBO for BTC_USD: {'best_bid': None, 'best_bid_quantity': None, 'best_ask': 80000.0, 'best_ask_quantity': 1.0, 'timestamp': '2025-06-14T17:48:08.222909'}
2025-06-14 23:18:08,224 - engine.matching_engine - INFO - Updated BBO for BTC_USD: {'best_bid': None, 'best_bid_quantity': None, 'best_ask': 80000.0, 'best_ask_quantity': 1.0, 'timestamp': '2025-06-14T17:48:08.222909'}
2025-06-14 23:18:08,227 - engine.matching_engine - INFO - Pending orders for BTC_USD: {'bids': [], 'asks': [{'price': '80000.0', 'quantity': '1.0', 'orders': [{'id': 'c9ad2afe-b295-4a35-9d86-03825de3628a', 'side': 'SELL', 'type': 'LIMIT', 'quantity': '0.5', 'filled_quantity': '0.5', 'status': 'PARTIALLY_FILLED', 'timestamp': '2025-06-14T17:45:24.150943'}, {'id': 'e5a06f5f-503a-41ae-a054-1e4d2b719eb0', 'side': 'SELL', 'type': 'LIMIT', 'quantity': '0.5', 'filled_quantity': '0', 'status': 'PARTIALLY_FILLED', 'timestamp': '2025-06-14T17:48:07.665782'}]}], 'timestamp': '2025-06-14T17:48:08.226410'}
2025-06-14 23:35:27,198 - engine.matching_engine - INFO - Processing new order e24d589b-8862-437e-a826-7455c55579d8 of type OrderType.MARKET for BTC_USD
2025-06-14 23:35:27,207 - engine.matching_engine - INFO - Found 0 activated orders to process
2025-06-14 23:35:27,213 - engine.order_book - INFO - No asks left, best ask set to None
2025-06-14 23:35:27,216 - engine.redis_persistence - INFO - Order book state saved for BTC_USD
2025-06-14 23:35:27,647 - engine.redis_persistence - INFO - Trade 0f5fe9c1-1bed-4dc1-9e5a-f737761bf0ac saved
2025-06-14 23:35:28,009 - engine.redis_persistence - INFO - Trade df8a8e84-0e3f-449b-99b4-885795bf280e saved
2025-06-14 23:35:28,011 - engine.order_book - INFO - Removing order e24d589b-8862-437e-a826-7455c55579d8 from order book
2025-06-14 23:35:28,013 - engine.order_book - WARNING - Order e24d589b-8862-437e-a826-7455c55579d8 not found in order book
2025-06-14 23:35:28,016 - engine.matching_engine - ERROR - Error broadcasting updates: 'NoneType' object has no attribute 'id'
Traceback (most recent call last):
  File "C:\Users\Krishnaansh Goel\OneDrive\Desktop\Projects\Goquant5\backend\engine\matching_engine.py", line 278, in _broadcast_updates
    order_book.add_order(buy_order)
  File "C:\Users\Krishnaansh Goel\OneDrive\Desktop\Projects\Goquant5\backend\engine\order_book.py", line 62, in add_order
    logger.debug(f"Adding order {order.id} to order book for {order.symbol}")
                                 ^^^^^^^^
AttributeError: 'NoneType' object has no attribute 'id'
2025-06-14 23:35:49,216 - engine.matching_engine - INFO - Processing new order 13397975-a0d6-455c-9c77-bf71571d1abe of type OrderType.MARKET for BTC_USD
2025-06-14 23:35:49,217 - engine.matching_engine - INFO - Found 0 activated orders to process
2025-06-14 23:35:49,227 - engine.redis_persistence - INFO - Order book state saved for BTC_USD
2025-06-14 23:35:49,229 - engine.matching_engine - INFO - Current BBO for BTC_USD: {'best_bid': None, 'best_bid_quantity': None, 'best_ask': None, 'best_ask_quantity': None, 'timestamp': '2025-06-14T18:05:49.228303'}
2025-06-14 23:35:49,230 - engine.matching_engine - INFO - Updated BBO for BTC_USD: {'best_bid': None, 'best_bid_quantity': None, 'best_ask': None, 'best_ask_quantity': None, 'timestamp': '2025-06-14T18:05:49.228303'}
2025-06-14 23:35:49,231 - engine.matching_engine - INFO - Pending orders for BTC_USD: {'bids': [], 'asks': [], 'timestamp': '2025-06-14T18:05:49.231091'}
2025-06-14 23:36:00,551 - engine.matching_engine - INFO - Processing new order 69b8f1b3-bd98-45ef-92aa-0dda26da4e6c of type OrderType.LIMIT for BTC_USD
2025-06-14 23:36:00,552 - engine.matching_engine - INFO - Found 0 activated orders to process
2025-06-14 23:36:00,927 - engine.redis_persistence - INFO - Order book state saved for BTC_USD
2025-06-14 23:36:00,928 - engine.matching_engine - INFO - Current BBO for BTC_USD: {'best_bid': 30000.0, 'best_bid_quantity': 12.0, 'best_ask': None, 'best_ask_quantity': None, 'timestamp': '2025-06-14T18:06:00.928263'}
2025-06-14 23:36:00,928 - engine.matching_engine - INFO - Updated BBO for BTC_USD: {'best_bid': 30000.0, 'best_bid_quantity': 12.0, 'best_ask': None, 'best_ask_quantity': None, 'timestamp': '2025-06-14T18:06:00.928263'}
2025-06-14 23:36:00,928 - engine.matching_engine - INFO - Pending orders for BTC_USD: {'bids': [{'price': '30000.0', 'quantity': '12.0', 'orders': [{'id': '69b8f1b3-bd98-45ef-92aa-0dda26da4e6c', 'side': 'BUY', 'type': 'LIMIT', 'quantity': '12.0', 'filled_quantity': '0', 'status': 'PARTIALLY_FILLED', 'timestamp': '2025-06-14T18:06:00.551961'}]}], 'asks': [], 'timestamp': '2025-06-14T18:06:00.928942'}
2025-06-14 23:36:15,799 - engine.matching_engine - INFO - Processing new order ae88e05b-b1cd-497d-945c-1ea10286d988 of type OrderType.IOC for BTC_USD
2025-06-14 23:36:15,799 - engine.matching_engine - INFO - Found 0 activated orders to process
2025-06-14 23:36:15,801 - engine.order_book - INFO - No bids left, best bid set to None
2025-06-14 23:36:15,803 - engine.redis_persistence - INFO - Order book state saved for BTC_USD
2025-06-14 23:36:16,208 - engine.redis_persistence - INFO - Trade 66f585df-eec6-49e3-ba57-51dd04d1c72d saved
2025-06-14 23:36:16,209 - engine.order_book - INFO - Removing order 69b8f1b3-bd98-45ef-92aa-0dda26da4e6c from order book
2025-06-14 23:36:16,209 - engine.order_book - WARNING - Order 69b8f1b3-bd98-45ef-92aa-0dda26da4e6c not found in order book
2025-06-14 23:36:16,210 - engine.matching_engine - ERROR - Error broadcasting updates: 'NoneType' object has no attribute 'id'
Traceback (most recent call last):
  File "C:\Users\Krishnaansh Goel\OneDrive\Desktop\Projects\Goquant5\backend\engine\matching_engine.py", line 278, in _broadcast_updates
    order_book.add_order(buy_order)
  File "C:\Users\Krishnaansh Goel\OneDrive\Desktop\Projects\Goquant5\backend\engine\order_book.py", line 62, in add_order
    logger.debug(f"Adding order {order.id} to order book for {order.symbol}")
                                 ^^^^^^^^
AttributeError: 'NoneType' object has no attribute 'id'
2025-06-14 23:36:31,576 - engine.matching_engine - INFO - Processing new order 2a84cf2e-5394-493c-83d4-c2a396aab707 of type OrderType.LIMIT for BTC_USD
2025-06-14 23:36:31,578 - engine.matching_engine - INFO - Found 0 activated orders to process
2025-06-14 23:36:31,926 - engine.redis_persistence - INFO - Order book state saved for BTC_USD
2025-06-14 23:36:31,927 - engine.matching_engine - INFO - Current BBO for BTC_USD: {'best_bid': None, 'best_bid_quantity': None, 'best_ask': 30000.0, 'best_ask_quantity': 15.0, 'timestamp': '2025-06-14T18:06:31.927743'}
2025-06-14 23:36:31,928 - engine.matching_engine - INFO - Updated BBO for BTC_USD: {'best_bid': None, 'best_bid_quantity': None, 'best_ask': 30000.0, 'best_ask_quantity': 15.0, 'timestamp': '2025-06-14T18:06:31.927743'}
2025-06-14 23:36:31,929 - engine.matching_engine - INFO - Pending orders for BTC_USD: {'bids': [], 'asks': [{'price': '30000.0', 'quantity': '15.0', 'orders': [{'id': '2a84cf2e-5394-493c-83d4-c2a396aab707', 'side': 'SELL', 'type': 'LIMIT', 'quantity': '15.0', 'filled_quantity': '0', 'status': 'PARTIALLY_FILLED', 'timestamp': '2025-06-14T18:06:31.576975'}]}], 'timestamp': '2025-06-14T18:06:31.929482'}
2025-06-14 23:36:43,575 - engine.matching_engine - INFO - Processing new order 7ff63376-9ce9-4dd1-8046-37626ca37849 of type OrderType.FOK for BTC_USD
2025-06-14 23:36:43,575 - engine.matching_engine - INFO - Found 0 activated orders to process
2025-06-14 23:36:43,932 - engine.redis_persistence - INFO - Order book state saved for BTC_USD
2025-06-14 23:36:43,933 - engine.matching_engine - INFO - Current BBO for BTC_USD: {'best_bid': None, 'best_bid_quantity': None, 'best_ask': 30000.0, 'best_ask_quantity': 15.0, 'timestamp': '2025-06-14T18:06:43.933510'}
2025-06-14 23:36:43,934 - engine.matching_engine - INFO - Updated BBO for BTC_USD: {'best_bid': None, 'best_bid_quantity': None, 'best_ask': 30000.0, 'best_ask_quantity': 15.0, 'timestamp': '2025-06-14T18:06:43.933510'}
2025-06-14 23:36:43,934 - engine.matching_engine - INFO - Pending orders for BTC_USD: {'bids': [], 'asks': [{'price': '30000.0', 'quantity': '15.0', 'orders': [{'id': '2a84cf2e-5394-493c-83d4-c2a396aab707', 'side': 'SELL', 'type': 'LIMIT', 'quantity': '15.0', 'filled_quantity': '0', 'status': 'PARTIALLY_FILLED', 'timestamp': '2025-06-14T18:06:31.576975'}]}], 'timestamp': '2025-06-14T18:06:43.934742'}
2025-06-14 23:37:01,818 - engine.matching_engine - INFO - Processing new order 1438a3f9-3357-4ae5-b6b4-2e1e5585842e of type OrderType.STOP_LOSS for BTC_USD
2025-06-14 23:37:01,820 - engine.matching_engine - INFO - Found 0 activated orders to process
2025-06-14 23:37:02,174 - engine.redis_persistence - INFO - Order book state saved for BTC_USD
2025-06-14 23:37:02,175 - engine.matching_engine - INFO - Current BBO for BTC_USD: {'best_bid': None, 'best_bid_quantity': None, 'best_ask': 30000.0, 'best_ask_quantity': 15.0, 'timestamp': '2025-06-14T18:07:02.175542'}
2025-06-14 23:37:02,176 - engine.matching_engine - INFO - Updated BBO for BTC_USD: {'best_bid': None, 'best_bid_quantity': None, 'best_ask': 30000.0, 'best_ask_quantity': 15.0, 'timestamp': '2025-06-14T18:07:02.175542'}
2025-06-14 23:37:02,176 - engine.matching_engine - INFO - Pending orders for BTC_USD: {'bids': [], 'asks': [{'price': '30000.0', 'quantity': '15.0', 'orders': [{'id': '2a84cf2e-5394-493c-83d4-c2a396aab707', 'side': 'SELL', 'type': 'LIMIT', 'quantity': '15.0', 'filled_quantity': '0', 'status': 'PARTIALLY_FILLED', 'timestamp': '2025-06-14T18:06:31.576975'}]}], 'timestamp': '2025-06-14T18:07:02.176845'}
2025-06-14 23:37:12,958 - engine.matching_engine - INFO - Processing new order 069949d8-46f6-40da-87ef-b84bb67939fb of type OrderType.LIMIT for BTC_USD
2025-06-14 23:37:12,960 - engine.matching_engine - INFO - Found 1 activated orders to process
2025-06-14 23:37:12,960 - engine.matching_engine - INFO - Processing activated order 1438a3f9-3357-4ae5-b6b4-2e1e5585842e
2025-06-14 23:37:12,967 - engine.matching_engine - INFO - Generated 1 trades from activated order 1438a3f9-3357-4ae5-b6b4-2e1e5585842e
2025-06-14 23:37:12,969 - engine.matching_engine - INFO - Order 069949d8-46f6-40da-87ef-b84bb67939fb has no remaining quantity, skipping processing
2025-06-14 23:37:13,331 - engine.redis_persistence - INFO - Order book state saved for BTC_USD
2025-06-14 23:37:13,686 - engine.redis_persistence - INFO - Trade 861e72e8-7c14-4e15-8519-d11c4ebcc4d3 saved
2025-06-14 23:37:13,688 - engine.order_book - INFO - Removing order 1438a3f9-3357-4ae5-b6b4-2e1e5585842e from order book
2025-06-14 23:37:13,688 - engine.order_book - WARNING - Order 1438a3f9-3357-4ae5-b6b4-2e1e5585842e not found in order book
2025-06-14 23:37:13,688 - engine.matching_engine - ERROR - Error broadcasting updates: 'NoneType' object has no attribute 'id'
Traceback (most recent call last):
  File "C:\Users\Krishnaansh Goel\OneDrive\Desktop\Projects\Goquant5\backend\engine\matching_engine.py", line 278, in _broadcast_updates
    order_book.add_order(buy_order)
  File "C:\Users\Krishnaansh Goel\OneDrive\Desktop\Projects\Goquant5\backend\engine\order_book.py", line 62, in add_order
    logger.debug(f"Adding order {order.id} to order book for {order.symbol}")
                                 ^^^^^^^^
AttributeError: 'NoneType' object has no attribute 'id'
2025-06-14 23:37:48,835 - engine.matching_engine - INFO - Processing new order 15ecda5a-b3dd-4ad0-8b43-0f7a6a157d85 of type OrderType.STOP_LIMIT for BTC_USD
2025-06-14 23:37:48,836 - engine.matching_engine - INFO - Found 0 activated orders to process
2025-06-14 23:37:49,191 - engine.redis_persistence - INFO - Order book state saved for BTC_USD
2025-06-14 23:37:49,192 - engine.matching_engine - INFO - Current BBO for BTC_USD: {'best_bid': None, 'best_bid_quantity': None, 'best_ask': 30000.0, 'best_ask_quantity': 15.0, 'timestamp': '2025-06-14T18:07:49.192892'}
2025-06-14 23:37:49,193 - engine.matching_engine - INFO - Updated BBO for BTC_USD: {'best_bid': None, 'best_bid_quantity': None, 'best_ask': 30000.0, 'best_ask_quantity': 15.0, 'timestamp': '2025-06-14T18:07:49.192892'}
2025-06-14 23:37:49,194 - engine.matching_engine - INFO - Pending orders for BTC_USD: {'bids': [], 'asks': [{'price': '30000.0', 'quantity': '15.0', 'orders': [{'id': '2a84cf2e-5394-493c-83d4-c2a396aab707', 'side': 'SELL', 'type': 'LIMIT', 'quantity': '15.0', 'filled_quantity': '0', 'status': 'PARTIALLY_FILLED', 'timestamp': '2025-06-14T18:06:31.576975'}]}], 'timestamp': '2025-06-14T18:07:49.194516'}
2025-06-14 23:38:00,216 - engine.matching_engine - INFO - Processing new order e80f8804-1ac2-4e9f-85a1-7289be313fbd of type OrderType.LIMIT for BTC_USD
2025-06-14 23:38:00,218 - engine.matching_engine - INFO - Found 1 activated orders to process
2025-06-14 23:38:00,218 - engine.matching_engine - INFO - Processing activated order 15ecda5a-b3dd-4ad0-8b43-0f7a6a157d85
2025-06-14 23:38:00,219 - engine.order_book - INFO - No asks left, best ask set to None
2025-06-14 23:38:00,220 - engine.matching_engine - INFO - Generated 1 trades from activated order 15ecda5a-b3dd-4ad0-8b43-0f7a6a157d85
2025-06-14 23:38:00,583 - engine.redis_persistence - INFO - Order book state saved for BTC_USD
2025-06-14 23:38:00,932 - engine.redis_persistence - INFO - Trade 9f3b41e0-a2b3-42c9-9c19-ab6d251f3c2a saved
2025-06-14 23:38:00,933 - engine.order_book - INFO - Removing order 15ecda5a-b3dd-4ad0-8b43-0f7a6a157d85 from order book
2025-06-14 23:38:00,934 - engine.order_book - INFO - Removing order from best bid level at price 80000.0
2025-06-14 23:38:00,934 - engine.order_book - INFO - No bids left, best bid set to None
2025-06-14 23:38:00,934 - engine.matching_engine - INFO - Removed filled buy order 15ecda5a-b3dd-4ad0-8b43-0f7a6a157d85
2025-06-14 23:38:00,935 - engine.order_book - INFO - Removing order 2a84cf2e-5394-493c-83d4-c2a396aab707 from order book
2025-06-14 23:38:00,935 - engine.order_book - WARNING - Order 2a84cf2e-5394-493c-83d4-c2a396aab707 not found in order book
2025-06-14 23:38:00,936 - engine.matching_engine - ERROR - Error broadcasting updates: 'NoneType' object has no attribute 'id'
Traceback (most recent call last):
  File "C:\Users\Krishnaansh Goel\OneDrive\Desktop\Projects\Goquant5\backend\engine\matching_engine.py", line 286, in _broadcast_updates
    order_book.add_order(sell_order)
  File "C:\Users\Krishnaansh Goel\OneDrive\Desktop\Projects\Goquant5\backend\engine\order_book.py", line 62, in add_order
    logger.debug(f"Adding order {order.id} to order book for {order.symbol}")
                                 ^^^^^^^^
AttributeError: 'NoneType' object has no attribute 'id'
2025-06-14 23:38:57,659 - engine.matching_engine - INFO - Processing new order f25505d9-df8d-41e7-b064-145994af3a53 of type OrderType.LIMIT for BTC_USD
2025-06-14 23:38:57,661 - engine.matching_engine - INFO - Found 0 activated orders to process
2025-06-14 23:38:58,055 - engine.redis_persistence - INFO - Order book state saved for BTC_USD
2025-06-14 23:38:58,056 - engine.matching_engine - INFO - Current BBO for BTC_USD: {'best_bid': 10000.0, 'best_bid_quantity': 1.0, 'best_ask': 90000.0, 'best_ask_quantity': 1.0, 'timestamp': '2025-06-14T18:08:58.055564'}
2025-06-14 23:38:58,056 - engine.matching_engine - INFO - Updated BBO for BTC_USD: {'best_bid': 10000.0, 'best_bid_quantity': 1.0, 'best_ask': 90000.0, 'best_ask_quantity': 1.0, 'timestamp': '2025-06-14T18:08:58.055564'}
2025-06-14 23:38:58,059 - engine.matching_engine - INFO - Pending orders for BTC_USD: {'bids': [{'price': '10000.0', 'quantity': '1.0', 'orders': [{'id': 'f25505d9-df8d-41e7-b064-145994af3a53', 'side': 'BUY', 'type': 'LIMIT', 'quantity': '1.0', 'filled_quantity': '0', 'status': 'PARTIALLY_FILLED', 'timestamp': '2025-06-14T18:08:57.659852'}]}], 'asks': [{'price': '90000.0', 'quantity': '1.0', 'orders': [{'id': 'e80f8804-1ac2-4e9f-85a1-7289be313fbd', 'side': 'SELL', 'type': 'LIMIT', 'quantity': '1.0', 'filled_quantity': '0', 'status': 'PARTIALLY_FILLED', 'timestamp': '2025-06-14T18:08:00.216428'}]}], 'timestamp': '2025-06-14T18:08:58.057850'}
2025-06-14 23:39:03,807 - engine.matching_engine - INFO - Processing new order ee36bb8e-9d9f-4c3c-9114-267008597c79 of type OrderType.LIMIT for BTC_USD
2025-06-14 23:39:03,808 - engine.matching_engine - INFO - Found 0 activated orders to process
2025-06-14 23:39:04,163 - engine.redis_persistence - INFO - Order book state saved for BTC_USD
2025-06-14 23:39:04,164 - engine.matching_engine - INFO - Current BBO for BTC_USD: {'best_bid': 20000.0, 'best_bid_quantity': 3.0, 'best_ask': 90000.0, 'best_ask_quantity': 1.0, 'timestamp': '2025-06-14T18:09:04.164455'}
2025-06-14 23:39:04,165 - engine.matching_engine - INFO - Updated BBO for BTC_USD: {'best_bid': 20000.0, 'best_bid_quantity': 3.0, 'best_ask': 90000.0, 'best_ask_quantity': 1.0, 'timestamp': '2025-06-14T18:09:04.164455'}
2025-06-14 23:39:04,170 - engine.matching_engine - INFO - Pending orders for BTC_USD: {'bids': [{'price': '20000.0', 'quantity': '3.0', 'orders': [{'id': 'ee36bb8e-9d9f-4c3c-9114-267008597c79', 'side': 'BUY', 'type': 'LIMIT', 'quantity': '3.0', 'filled_quantity': '0', 'status': 'PARTIALLY_FILLED', 'timestamp': '2025-06-14T18:09:03.807263'}]}, {'price': '10000.0', 'quantity': '1.0', 'orders': [{'id': 'f25505d9-df8d-41e7-b064-145994af3a53', 'side': 'BUY', 'type': 'LIMIT', 'quantity': '1.0', 'filled_quantity': '0', 'status': 'PARTIALLY_FILLED', 'timestamp': '2025-06-14T18:08:57.659852'}]}], 'asks': [{'price': '90000.0', 'quantity': '1.0', 'orders': [{'id': 'e80f8804-1ac2-4e9f-85a1-7289be313fbd', 'side': 'SELL', 'type': 'LIMIT', 'quantity': '1.0', 'filled_quantity': '0', 'status': 'PARTIALLY_FILLED', 'timestamp': '2025-06-14T18:08:00.216428'}]}], 'timestamp': '2025-06-14T18:09:04.167781'}
2025-06-14 23:39:10,893 - engine.matching_engine - INFO - Processing new order 9f535476-9dfe-48ae-ad77-e29952e86dd0 of type OrderType.LIMIT for BTC_USD
2025-06-14 23:39:10,893 - engine.matching_engine - INFO - Found 0 activated orders to process
2025-06-14 23:39:11,254 - engine.redis_persistence - INFO - Order book state saved for BTC_USD
2025-06-14 23:39:11,254 - engine.matching_engine - INFO - Current BBO for BTC_USD: {'best_bid': 20000.0, 'best_bid_quantity': 3.0, 'best_ask': 90000.0, 'best_ask_quantity': 1.0, 'timestamp': '2025-06-14T18:09:11.254871'}
2025-06-14 23:39:11,255 - engine.matching_engine - INFO - Updated BBO for BTC_USD: {'best_bid': 20000.0, 'best_bid_quantity': 3.0, 'best_ask': 90000.0, 'best_ask_quantity': 1.0, 'timestamp': '2025-06-14T18:09:11.254871'}
2025-06-14 23:39:11,256 - engine.matching_engine - INFO - Pending orders for BTC_USD: {'bids': [{'price': '20000.0', 'quantity': '3.0', 'orders': [{'id': 'ee36bb8e-9d9f-4c3c-9114-267008597c79', 'side': 'BUY', 'type': 'LIMIT', 'quantity': '3.0', 'filled_quantity': '0', 'status': 'PARTIALLY_FILLED', 'timestamp': '2025-06-14T18:09:03.807263'}]}, {'price': '15000.0', 'quantity': '15.0', 'orders': [{'id': '9f535476-9dfe-48ae-ad77-e29952e86dd0', 'side': 'BUY', 'type': 'LIMIT', 'quantity': '15.0', 'filled_quantity': '0', 'status': 'PARTIALLY_FILLED', 'timestamp': '2025-06-14T18:09:10.893345'}]}, {'price': '10000.0', 'quantity': '1.0', 'orders': [{'id': 'f25505d9-df8d-41e7-b064-145994af3a53', 'side': 'BUY', 'type': 'LIMIT', 'quantity': '1.0', 'filled_quantity': '0', 'status': 'PARTIALLY_FILLED', 'timestamp': '2025-06-14T18:08:57.659852'}]}], 'asks': [{'price': '90000.0', 'quantity': '1.0', 'orders': [{'id': 'e80f8804-1ac2-4e9f-85a1-7289be313fbd', 'side': 'SELL', 'type': 'LIMIT', 'quantity': '1.0', 'filled_quantity': '0', 'status': 'PARTIALLY_FILLED', 'timestamp': '2025-06-14T18:08:00.216428'}]}], 'timestamp': '2025-06-14T18:09:11.256482'}
2025-06-14 23:39:17,941 - engine.matching_engine - INFO - Processing new order f2f4a236-1648-4200-9fb0-7d88e2aec274 of type OrderType.LIMIT for BTC_USD
2025-06-14 23:39:17,942 - engine.matching_engine - INFO - Found 0 activated orders to process
2025-06-14 23:39:18,317 - engine.redis_persistence - INFO - Order book state saved for BTC_USD
2025-06-14 23:39:18,319 - engine.matching_engine - INFO - Current BBO for BTC_USD: {'best_bid': 20000.0, 'best_bid_quantity': 3.0, 'best_ask': 90000.0, 'best_ask_quantity': 1.0, 'timestamp': '2025-06-14T18:09:18.319229'}
2025-06-14 23:39:18,320 - engine.matching_engine - INFO - Updated BBO for BTC_USD: {'best_bid': 20000.0, 'best_bid_quantity': 3.0, 'best_ask': 90000.0, 'best_ask_quantity': 1.0, 'timestamp': '2025-06-14T18:09:18.319229'}
2025-06-14 23:39:18,322 - engine.matching_engine - INFO - Pending orders for BTC_USD: {'bids': [{'price': '20000.0', 'quantity': '3.0', 'orders': [{'id': 'ee36bb8e-9d9f-4c3c-9114-267008597c79', 'side': 'BUY', 'type': 'LIMIT', 'quantity': '3.0', 'filled_quantity': '0', 'status': 'PARTIALLY_FILLED', 'timestamp': '2025-06-14T18:09:03.807263'}]}, {'price': '15000.0', 'quantity': '15.0', 'orders': [{'id': '9f535476-9dfe-48ae-ad77-e29952e86dd0', 'side': 'BUY', 'type': 'LIMIT', 'quantity': '15.0', 'filled_quantity': '0', 'status': 'PARTIALLY_FILLED', 'timestamp': '2025-06-14T18:09:10.893345'}]}, {'price': '10000.0', 'quantity': '1.0', 'orders': [{'id': 'f25505d9-df8d-41e7-b064-145994af3a53', 'side': 'BUY', 'type': 'LIMIT', 'quantity': '1.0', 'filled_quantity': '0', 'status': 'PARTIALLY_FILLED', 'timestamp': '2025-06-14T18:08:57.659852'}]}, {'price': '1.0', 'quantity': '1.0', 'orders': [{'id': 'f2f4a236-1648-4200-9fb0-7d88e2aec274', 'side': 'BUY', 'type': 'LIMIT', 'quantity': '1.0', 'filled_quantity': '0', 'status': 'PARTIALLY_FILLED', 'timestamp': '2025-06-14T18:09:17.941619'}]}], 'asks': [{'price': '90000.0', 'quantity': '1.0', 'orders': [{'id': 'e80f8804-1ac2-4e9f-85a1-7289be313fbd', 'side': 'SELL', 'type': 'LIMIT', 'quantity': '1.0', 'filled_quantity': '0', 'status': 'PARTIALLY_FILLED', 'timestamp': '2025-06-14T18:08:00.216428'}]}], 'timestamp': '2025-06-14T18:09:18.321605'}
2025-06-14 23:39:23,607 - engine.matching_engine - INFO - Processing new order a9139aef-84c6-443e-a8f7-95a244e6cda7 of type OrderType.LIMIT for BTC_USD
2025-06-14 23:39:23,608 - engine.matching_engine - INFO - Found 0 activated orders to process
2025-06-14 23:39:23,975 - engine.redis_persistence - INFO - Order book state saved for BTC_USD
2025-06-14 23:39:23,976 - engine.matching_engine - INFO - Current BBO for BTC_USD: {'best_bid': 20000.0, 'best_bid_quantity': 3.0, 'best_ask': 90000.0, 'best_ask_quantity': 1.0, 'timestamp': '2025-06-14T18:09:23.976184'}
2025-06-14 23:39:23,976 - engine.matching_engine - INFO - Updated BBO for BTC_USD: {'best_bid': 20000.0, 'best_bid_quantity': 3.0, 'best_ask': 90000.0, 'best_ask_quantity': 1.0, 'timestamp': '2025-06-14T18:09:23.976184'}
2025-06-14 23:39:23,983 - engine.matching_engine - INFO - Pending orders for BTC_USD: {'bids': [{'price': '20000.0', 'quantity': '3.0', 'orders': [{'id': 'ee36bb8e-9d9f-4c3c-9114-267008597c79', 'side': 'BUY', 'type': 'LIMIT', 'quantity': '3.0', 'filled_quantity': '0', 'status': 'PARTIALLY_FILLED', 'timestamp': '2025-06-14T18:09:03.807263'}]}, {'price': '15000.0', 'quantity': '15.0', 'orders': [{'id': '9f535476-9dfe-48ae-ad77-e29952e86dd0', 'side': 'BUY', 'type': 'LIMIT', 'quantity': '15.0', 'filled_quantity': '0', 'status': 'PARTIALLY_FILLED', 'timestamp': '2025-06-14T18:09:10.893345'}]}, {'price': '10000.0', 'quantity': '1.0', 'orders': [{'id': 'f25505d9-df8d-41e7-b064-145994af3a53', 'side': 'BUY', 'type': 'LIMIT', 'quantity': '1.0', 'filled_quantity': '0', 'status': 'PARTIALLY_FILLED', 'timestamp': '2025-06-14T18:08:57.659852'}]}, {'price': '1.0', 'quantity': '2.0', 'orders': [{'id': 'f2f4a236-1648-4200-9fb0-7d88e2aec274', 'side': 'BUY', 'type': 'LIMIT', 'quantity': '1.0', 'filled_quantity': '0', 'status': 'PARTIALLY_FILLED', 'timestamp': '2025-06-14T18:09:17.941619'}, {'id': 'a9139aef-84c6-443e-a8f7-95a244e6cda7', 'side': 'BUY', 'type': 'LIMIT', 'quantity': '1.0', 'filled_quantity': '0', 'status': 'PARTIALLY_FILLED', 'timestamp': '2025-06-14T18:09:23.607114'}]}], 'asks': [{'price': '90000.0', 'quantity': '1.0', 'orders': [{'id': 'e80f8804-1ac2-4e9f-85a1-7289be313fbd', 'side': 'SELL', 'type': 'LIMIT', 'quantity': '1.0', 'filled_quantity': '0', 'status': 'PARTIALLY_FILLED', 'timestamp': '2025-06-14T18:08:00.216428'}]}], 'timestamp': '2025-06-14T18:09:23.977602'}
2025-06-14 23:39:26,912 - engine.matching_engine - INFO - Processing new order 8fa84823-496d-400e-9c44-36274d6f17af of type OrderType.LIMIT for BTC_USD
2025-06-14 23:39:26,914 - engine.matching_engine - INFO - Found 0 activated orders to process
2025-06-14 23:39:27,314 - engine.redis_persistence - INFO - Order book state saved for BTC_USD
2025-06-14 23:39:27,315 - engine.matching_engine - INFO - Current BBO for BTC_USD: {'best_bid': 20000.0, 'best_bid_quantity': 3.0, 'best_ask': 90000.0, 'best_ask_quantity': 1.0, 'timestamp': '2025-06-14T18:09:27.315025'}
2025-06-14 23:39:27,315 - engine.matching_engine - INFO - Updated BBO for BTC_USD: {'best_bid': 20000.0, 'best_bid_quantity': 3.0, 'best_ask': 90000.0, 'best_ask_quantity': 1.0, 'timestamp': '2025-06-14T18:09:27.315025'}
2025-06-14 23:39:27,318 - engine.matching_engine - INFO - Pending orders for BTC_USD: {'bids': [{'price': '20000.0', 'quantity': '3.0', 'orders': [{'id': 'ee36bb8e-9d9f-4c3c-9114-267008597c79', 'side': 'BUY', 'type': 'LIMIT', 'quantity': '3.0', 'filled_quantity': '0', 'status': 'PARTIALLY_FILLED', 'timestamp': '2025-06-14T18:09:03.807263'}]}, {'price': '15000.0', 'quantity': '15.0', 'orders': [{'id': '9f535476-9dfe-48ae-ad77-e29952e86dd0', 'side': 'BUY', 'type': 'LIMIT', 'quantity': '15.0', 'filled_quantity': '0', 'status': 'PARTIALLY_FILLED', 'timestamp': '2025-06-14T18:09:10.893345'}]}, {'price': '10000.0', 'quantity': '1.0', 'orders': [{'id': 'f25505d9-df8d-41e7-b064-145994af3a53', 'side': 'BUY', 'type': 'LIMIT', 'quantity': '1.0', 'filled_quantity': '0', 'status': 'PARTIALLY_FILLED', 'timestamp': '2025-06-14T18:08:57.659852'}]}, {'price': '1.0', 'quantity': '3.0', 'orders': [{'id': 'f2f4a236-1648-4200-9fb0-7d88e2aec274', 'side': 'BUY', 'type': 'LIMIT', 'quantity': '1.0', 'filled_quantity': '0', 'status': 'PARTIALLY_FILLED', 'timestamp': '2025-06-14T18:09:17.941619'}, {'id': 'a9139aef-84c6-443e-a8f7-95a244e6cda7', 'side': 'BUY', 'type': 'LIMIT', 'quantity': '1.0', 'filled_quantity': '0', 'status': 'PARTIALLY_FILLED', 'timestamp': '2025-06-14T18:09:23.607114'}, {'id': '8fa84823-496d-400e-9c44-36274d6f17af', 'side': 'BUY', 'type': 'LIMIT', 'quantity': '1.0', 'filled_quantity': '0', 'status': 'PARTIALLY_FILLED', 'timestamp': '2025-06-14T18:09:26.912478'}]}], 'asks': [{'price': '90000.0', 'quantity': '1.0', 'orders': [{'id': 'e80f8804-1ac2-4e9f-85a1-7289be313fbd', 'side': 'SELL', 'type': 'LIMIT', 'quantity': '1.0', 'filled_quantity': '0', 'status': 'PARTIALLY_FILLED', 'timestamp': '2025-06-14T18:08:00.216428'}]}], 'timestamp': '2025-06-14T18:09:27.316424'}
2025-06-14 23:39:30,147 - engine.matching_engine - INFO - Processing new order 68f8ccbd-43f0-4481-a8fc-34cbe2d49c59 of type OrderType.LIMIT for BTC_USD
2025-06-14 23:39:30,148 - engine.matching_engine - INFO - Found 0 activated orders to process
2025-06-14 23:39:30,550 - engine.redis_persistence - INFO - Order book state saved for BTC_USD
2025-06-14 23:39:30,552 - engine.matching_engine - INFO - Current BBO for BTC_USD: {'best_bid': 20000.0, 'best_bid_quantity': 3.0, 'best_ask': 90000.0, 'best_ask_quantity': 1.0, 'timestamp': '2025-06-14T18:09:30.552216'}
2025-06-14 23:39:30,553 - engine.matching_engine - INFO - Updated BBO for BTC_USD: {'best_bid': 20000.0, 'best_bid_quantity': 3.0, 'best_ask': 90000.0, 'best_ask_quantity': 1.0, 'timestamp': '2025-06-14T18:09:30.552216'}
2025-06-14 23:39:30,554 - engine.matching_engine - INFO - Pending orders for BTC_USD: {'bids': [{'price': '20000.0', 'quantity': '3.0', 'orders': [{'id': 'ee36bb8e-9d9f-4c3c-9114-267008597c79', 'side': 'BUY', 'type': 'LIMIT', 'quantity': '3.0', 'filled_quantity': '0', 'status': 'PARTIALLY_FILLED', 'timestamp': '2025-06-14T18:09:03.807263'}]}, {'price': '15000.0', 'quantity': '15.0', 'orders': [{'id': '9f535476-9dfe-48ae-ad77-e29952e86dd0', 'side': 'BUY', 'type': 'LIMIT', 'quantity': '15.0', 'filled_quantity': '0', 'status': 'PARTIALLY_FILLED', 'timestamp': '2025-06-14T18:09:10.893345'}]}, {'price': '10000.0', 'quantity': '1.0', 'orders': [{'id': 'f25505d9-df8d-41e7-b064-145994af3a53', 'side': 'BUY', 'type': 'LIMIT', 'quantity': '1.0', 'filled_quantity': '0', 'status': 'PARTIALLY_FILLED', 'timestamp': '2025-06-14T18:08:57.659852'}]}, {'price': '1.0', 'quantity': '4.0', 'orders': [{'id': 'f2f4a236-1648-4200-9fb0-7d88e2aec274', 'side': 'BUY', 'type': 'LIMIT', 'quantity': '1.0', 'filled_quantity': '0', 'status': 'PARTIALLY_FILLED', 'timestamp': '2025-06-14T18:09:17.941619'}, {'id': 'a9139aef-84c6-443e-a8f7-95a244e6cda7', 'side': 'BUY', 'type': 'LIMIT', 'quantity': '1.0', 'filled_quantity': '0', 'status': 'PARTIALLY_FILLED', 'timestamp': '2025-06-14T18:09:23.607114'}, {'id': '8fa84823-496d-400e-9c44-36274d6f17af', 'side': 'BUY', 'type': 'LIMIT', 'quantity': '1.0', 'filled_quantity': '0', 'status': 'PARTIALLY_FILLED', 'timestamp': '2025-06-14T18:09:26.912478'}, {'id': '68f8ccbd-43f0-4481-a8fc-34cbe2d49c59', 'side': 'BUY', 'type': 'LIMIT', 'quantity': '1.0', 'filled_quantity': '0', 'status': 'PARTIALLY_FILLED', 'timestamp': '2025-06-14T18:09:30.147979'}]}], 'asks': [{'price': '90000.0', 'quantity': '1.0', 'orders': [{'id': 'e80f8804-1ac2-4e9f-85a1-7289be313fbd', 'side': 'SELL', 'type': 'LIMIT', 'quantity': '1.0', 'filled_quantity': '0', 'status': 'PARTIALLY_FILLED', 'timestamp': '2025-06-14T18:08:00.216428'}]}], 'timestamp': '2025-06-14T18:09:30.554988'}
2025-06-14 23:39:37,932 - engine.matching_engine - INFO - Processing new order 20affde8-d3fd-4541-aa37-91caa3ef1744 of type OrderType.LIMIT for BTC_USD
2025-06-14 23:39:37,934 - engine.matching_engine - INFO - Found 0 activated orders to process
2025-06-14 23:39:38,312 - engine.redis_persistence - INFO - Order book state saved for BTC_USD
2025-06-14 23:39:38,313 - engine.matching_engine - INFO - Current BBO for BTC_USD: {'best_bid': 20000.0, 'best_bid_quantity': 3.0, 'best_ask': 90000.0, 'best_ask_quantity': 1.0, 'timestamp': '2025-06-14T18:09:38.313640'}
2025-06-14 23:39:38,314 - engine.matching_engine - INFO - Updated BBO for BTC_USD: {'best_bid': 20000.0, 'best_bid_quantity': 3.0, 'best_ask': 90000.0, 'best_ask_quantity': 1.0, 'timestamp': '2025-06-14T18:09:38.313640'}
2025-06-14 23:39:38,314 - engine.matching_engine - INFO - Pending orders for BTC_USD: {'bids': [{'price': '20000.0', 'quantity': '3.0', 'orders': [{'id': 'ee36bb8e-9d9f-4c3c-9114-267008597c79', 'side': 'BUY', 'type': 'LIMIT', 'quantity': '3.0', 'filled_quantity': '0', 'status': 'PARTIALLY_FILLED', 'timestamp': '2025-06-14T18:09:03.807263'}]}, {'price': '15000.0', 'quantity': '15.0', 'orders': [{'id': '9f535476-9dfe-48ae-ad77-e29952e86dd0', 'side': 'BUY', 'type': 'LIMIT', 'quantity': '15.0', 'filled_quantity': '0', 'status': 'PARTIALLY_FILLED', 'timestamp': '2025-06-14T18:09:10.893345'}]}, {'price': '10000.0', 'quantity': '1.0', 'orders': [{'id': 'f25505d9-df8d-41e7-b064-145994af3a53', 'side': 'BUY', 'type': 'LIMIT', 'quantity': '1.0', 'filled_quantity': '0', 'status': 'PARTIALLY_FILLED', 'timestamp': '2025-06-14T18:08:57.659852'}]}, {'price': '1.0', 'quantity': '5.0', 'orders': [{'id': 'f2f4a236-1648-4200-9fb0-7d88e2aec274', 'side': 'BUY', 'type': 'LIMIT', 'quantity': '1.0', 'filled_quantity': '0', 'status': 'PARTIALLY_FILLED', 'timestamp': '2025-06-14T18:09:17.941619'}, {'id': 'a9139aef-84c6-443e-a8f7-95a244e6cda7', 'side': 'BUY', 'type': 'LIMIT', 'quantity': '1.0', 'filled_quantity': '0', 'status': 'PARTIALLY_FILLED', 'timestamp': '2025-06-14T18:09:23.607114'}, {'id': '8fa84823-496d-400e-9c44-36274d6f17af', 'side': 'BUY', 'type': 'LIMIT', 'quantity': '1.0', 'filled_quantity': '0', 'status': 'PARTIALLY_FILLED', 'timestamp': '2025-06-14T18:09:26.912478'}, {'id': '68f8ccbd-43f0-4481-a8fc-34cbe2d49c59', 'side': 'BUY', 'type': 'LIMIT', 'quantity': '1.0', 'filled_quantity': '0', 'status': 'PARTIALLY_FILLED', 'timestamp': '2025-06-14T18:09:30.147979'}, {'id': '20affde8-d3fd-4541-aa37-91caa3ef1744', 'side': 'BUY', 'type': 'LIMIT', 'quantity': '1.0', 'filled_quantity': '0', 'status': 'PARTIALLY_FILLED', 'timestamp': '2025-06-14T18:09:37.932658'}]}], 'asks': [{'price': '90000.0', 'quantity': '1.0', 'orders': [{'id': 'e80f8804-1ac2-4e9f-85a1-7289be313fbd', 'side': 'SELL', 'type': 'LIMIT', 'quantity': '1.0', 'filled_quantity': '0', 'status': 'PARTIALLY_FILLED', 'timestamp': '2025-06-14T18:08:00.216428'}]}], 'timestamp': '2025-06-14T18:09:38.314248'}
2025-06-14 23:39:40,937 - engine.matching_engine - INFO - Processing new order a398e40d-e9bf-4aca-b8b6-1633b0882004 of type OrderType.LIMIT for BTC_USD
2025-06-14 23:39:40,937 - engine.matching_engine - INFO - Found 0 activated orders to process
2025-06-14 23:39:41,295 - engine.redis_persistence - INFO - Order book state saved for BTC_USD
2025-06-14 23:39:41,296 - engine.matching_engine - INFO - Current BBO for BTC_USD: {'best_bid': 20000.0, 'best_bid_quantity': 3.0, 'best_ask': 90000.0, 'best_ask_quantity': 1.0, 'timestamp': '2025-06-14T18:09:41.296368'}
2025-06-14 23:39:41,296 - engine.matching_engine - INFO - Updated BBO for BTC_USD: {'best_bid': 20000.0, 'best_bid_quantity': 3.0, 'best_ask': 90000.0, 'best_ask_quantity': 1.0, 'timestamp': '2025-06-14T18:09:41.296368'}
2025-06-14 23:39:41,298 - engine.matching_engine - INFO - Pending orders for BTC_USD: {'bids': [{'price': '20000.0', 'quantity': '3.0', 'orders': [{'id': 'ee36bb8e-9d9f-4c3c-9114-267008597c79', 'side': 'BUY', 'type': 'LIMIT', 'quantity': '3.0', 'filled_quantity': '0', 'status': 'PARTIALLY_FILLED', 'timestamp': '2025-06-14T18:09:03.807263'}]}, {'price': '15000.0', 'quantity': '15.0', 'orders': [{'id': '9f535476-9dfe-48ae-ad77-e29952e86dd0', 'side': 'BUY', 'type': 'LIMIT', 'quantity': '15.0', 'filled_quantity': '0', 'status': 'PARTIALLY_FILLED', 'timestamp': '2025-06-14T18:09:10.893345'}]}, {'price': '10000.0', 'quantity': '1.0', 'orders': [{'id': 'f25505d9-df8d-41e7-b064-145994af3a53', 'side': 'BUY', 'type': 'LIMIT', 'quantity': '1.0', 'filled_quantity': '0', 'status': 'PARTIALLY_FILLED', 'timestamp': '2025-06-14T18:08:57.659852'}]}, {'price': '1.0', 'quantity': '6.0', 'orders': [{'id': 'f2f4a236-1648-4200-9fb0-7d88e2aec274', 'side': 'BUY', 'type': 'LIMIT', 'quantity': '1.0', 'filled_quantity': '0', 'status': 'PARTIALLY_FILLED', 'timestamp': '2025-06-14T18:09:17.941619'}, {'id': 'a9139aef-84c6-443e-a8f7-95a244e6cda7', 'side': 'BUY', 'type': 'LIMIT', 'quantity': '1.0', 'filled_quantity': '0', 'status': 'PARTIALLY_FILLED', 'timestamp': '2025-06-14T18:09:23.607114'}, {'id': '8fa84823-496d-400e-9c44-36274d6f17af', 'side': 'BUY', 'type': 'LIMIT', 'quantity': '1.0', 'filled_quantity': '0', 'status': 'PARTIALLY_FILLED', 'timestamp': '2025-06-14T18:09:26.912478'}, {'id': '68f8ccbd-43f0-4481-a8fc-34cbe2d49c59', 'side': 'BUY', 'type': 'LIMIT', 'quantity': '1.0', 'filled_quantity': '0', 'status': 'PARTIALLY_FILLED', 'timestamp': '2025-06-14T18:09:30.147979'}, {'id': '20affde8-d3fd-4541-aa37-91caa3ef1744', 'side': 'BUY', 'type': 'LIMIT', 'quantity': '1.0', 'filled_quantity': '0', 'status': 'PARTIALLY_FILLED', 'timestamp': '2025-06-14T18:09:37.932658'}, {'id': 'a398e40d-e9bf-4aca-b8b6-1633b0882004', 'side': 'BUY', 'type': 'LIMIT', 'quantity': '1.0', 'filled_quantity': '0', 'status': 'PARTIALLY_FILLED', 'timestamp': '2025-06-14T18:09:40.937185'}]}], 'asks': [{'price': '90000.0', 'quantity': '1.0', 'orders': [{'id': 'e80f8804-1ac2-4e9f-85a1-7289be313fbd', 'side': 'SELL', 'type': 'LIMIT', 'quantity': '1.0', 'filled_quantity': '0', 'status': 'PARTIALLY_FILLED', 'timestamp': '2025-06-14T18:08:00.216428'}]}], 'timestamp': '2025-06-14T18:09:41.297553'}
2025-06-14 23:39:44,449 - engine.matching_engine - INFO - Processing new order 221b2780-caab-490f-baf5-8dec048af280 of type OrderType.LIMIT for BTC_USD
2025-06-14 23:39:44,450 - engine.matching_engine - INFO - Found 0 activated orders to process
2025-06-14 23:39:44,843 - engine.redis_persistence - INFO - Order book state saved for BTC_USD
2025-06-14 23:39:44,845 - engine.matching_engine - INFO - Current BBO for BTC_USD: {'best_bid': 20000.0, 'best_bid_quantity': 3.0, 'best_ask': 90000.0, 'best_ask_quantity': 1.0, 'timestamp': '2025-06-14T18:09:44.845150'}
2025-06-14 23:39:44,845 - engine.matching_engine - INFO - Updated BBO for BTC_USD: {'best_bid': 20000.0, 'best_bid_quantity': 3.0, 'best_ask': 90000.0, 'best_ask_quantity': 1.0, 'timestamp': '2025-06-14T18:09:44.845150'}
2025-06-14 23:39:44,848 - engine.matching_engine - INFO - Pending orders for BTC_USD: {'bids': [{'price': '20000.0', 'quantity': '3.0', 'orders': [{'id': 'ee36bb8e-9d9f-4c3c-9114-267008597c79', 'side': 'BUY', 'type': 'LIMIT', 'quantity': '3.0', 'filled_quantity': '0', 'status': 'PARTIALLY_FILLED', 'timestamp': '2025-06-14T18:09:03.807263'}]}, {'price': '15000.0', 'quantity': '15.0', 'orders': [{'id': '9f535476-9dfe-48ae-ad77-e29952e86dd0', 'side': 'BUY', 'type': 'LIMIT', 'quantity': '15.0', 'filled_quantity': '0', 'status': 'PARTIALLY_FILLED', 'timestamp': '2025-06-14T18:09:10.893345'}]}, {'price': '10000.0', 'quantity': '1.0', 'orders': [{'id': 'f25505d9-df8d-41e7-b064-145994af3a53', 'side': 'BUY', 'type': 'LIMIT', 'quantity': '1.0', 'filled_quantity': '0', 'status': 'PARTIALLY_FILLED', 'timestamp': '2025-06-14T18:08:57.659852'}]}, {'price': '1.0', 'quantity': '7.0', 'orders': [{'id': 'f2f4a236-1648-4200-9fb0-7d88e2aec274', 'side': 'BUY', 'type': 'LIMIT', 'quantity': '1.0', 'filled_quantity': '0', 'status': 'PARTIALLY_FILLED', 'timestamp': '2025-06-14T18:09:17.941619'}, {'id': 'a9139aef-84c6-443e-a8f7-95a244e6cda7', 'side': 'BUY', 'type': 'LIMIT', 'quantity': '1.0', 'filled_quantity': '0', 'status': 'PARTIALLY_FILLED', 'timestamp': '2025-06-14T18:09:23.607114'}, {'id': '8fa84823-496d-400e-9c44-36274d6f17af', 'side': 'BUY', 'type': 'LIMIT', 'quantity': '1.0', 'filled_quantity': '0', 'status': 'PARTIALLY_FILLED', 'timestamp': '2025-06-14T18:09:26.912478'}, {'id': '68f8ccbd-43f0-4481-a8fc-34cbe2d49c59', 'side': 'BUY', 'type': 'LIMIT', 'quantity': '1.0', 'filled_quantity': '0', 'status': 'PARTIALLY_FILLED', 'timestamp': '2025-06-14T18:09:30.147979'}, {'id': '20affde8-d3fd-4541-aa37-91caa3ef1744', 'side': 'BUY', 'type': 'LIMIT', 'quantity': '1.0', 'filled_quantity': '0', 'status': 'PARTIALLY_FILLED', 'timestamp': '2025-06-14T18:09:37.932658'}, {'id': 'a398e40d-e9bf-4aca-b8b6-1633b0882004', 'side': 'BUY', 'type': 'LIMIT', 'quantity': '1.0', 'filled_quantity': '0', 'status': 'PARTIALLY_FILLED', 'timestamp': '2025-06-14T18:09:40.937185'}, {'id': '221b2780-caab-490f-baf5-8dec048af280', 'side': 'BUY', 'type': 'LIMIT', 'quantity': '1.0', 'filled_quantity': '0', 'status': 'PARTIALLY_FILLED', 'timestamp': '2025-06-14T18:09:44.448650'}]}], 'asks': [{'price': '90000.0', 'quantity': '1.0', 'orders': [{'id': 'e80f8804-1ac2-4e9f-85a1-7289be313fbd', 'side': 'SELL', 'type': 'LIMIT', 'quantity': '1.0', 'filled_quantity': '0', 'status': 'PARTIALLY_FILLED', 'timestamp': '2025-06-14T18:08:00.216428'}]}], 'timestamp': '2025-06-14T18:09:44.846765'}
2025-06-14 23:39:57,206 - engine.matching_engine - INFO - Processing new order eb9edfa4-9e7b-48f8-a911-cb8d7903f6a0 of type OrderType.LIMIT for BTC_USD
2025-06-14 23:39:57,207 - engine.matching_engine - INFO - Found 0 activated orders to process
2025-06-14 23:39:57,207 - engine.order_book - INFO - No asks left, best ask set to None
2025-06-14 23:39:57,581 - engine.redis_persistence - INFO - Order book state saved for BTC_USD
2025-06-14 23:39:57,939 - engine.redis_persistence - INFO - Trade 9bbd61de-01a7-46fd-a6c9-f6bd1ed8367c saved
2025-06-14 23:39:57,940 - engine.order_book - INFO - Removing order eb9edfa4-9e7b-48f8-a911-cb8d7903f6a0 from order book
2025-06-14 23:39:57,941 - engine.order_book - INFO - Removing order from best bid level at price 100000.0
2025-06-14 23:39:57,942 - engine.order_book - INFO - Updated best bid to price 20000.0 with 1 orders and total quantity 3.0
2025-06-14 23:39:57,942 - engine.matching_engine - INFO - Removed filled buy order eb9edfa4-9e7b-48f8-a911-cb8d7903f6a0
2025-06-14 23:39:57,943 - engine.order_book - INFO - Removing order e80f8804-1ac2-4e9f-85a1-7289be313fbd from order book
2025-06-14 23:39:57,944 - engine.order_book - WARNING - Order e80f8804-1ac2-4e9f-85a1-7289be313fbd not found in order book
2025-06-14 23:39:57,945 - engine.matching_engine - ERROR - Error broadcasting updates: 'NoneType' object has no attribute 'id'
Traceback (most recent call last):
  File "C:\Users\Krishnaansh Goel\OneDrive\Desktop\Projects\Goquant5\backend\engine\matching_engine.py", line 286, in _broadcast_updates
    order_book.add_order(sell_order)
  File "C:\Users\Krishnaansh Goel\OneDrive\Desktop\Projects\Goquant5\backend\engine\order_book.py", line 62, in add_order
    logger.debug(f"Adding order {order.id} to order book for {order.symbol}")
                                 ^^^^^^^^
AttributeError: 'NoneType' object has no attribute 'id'
2025-06-14 23:40:08,130 - engine.matching_engine - INFO - Processing new order 62e4691c-2eba-4256-91a6-14219da7c78a of type OrderType.LIMIT for BTC_USD
2025-06-14 23:40:08,130 - engine.matching_engine - INFO - Found 0 activated orders to process
2025-06-14 23:40:08,483 - engine.redis_persistence - INFO - Order book state saved for BTC_USD
2025-06-14 23:40:08,484 - engine.matching_engine - INFO - Current BBO for BTC_USD: {'best_bid': 100000.0, 'best_bid_quantity': 1.0, 'best_ask': None, 'best_ask_quantity': None, 'timestamp': '2025-06-14T18:10:08.484218'}
2025-06-14 23:40:08,484 - engine.matching_engine - INFO - Updated BBO for BTC_USD: {'best_bid': 100000.0, 'best_bid_quantity': 1.0, 'best_ask': None, 'best_ask_quantity': None, 'timestamp': '2025-06-14T18:10:08.484218'}
2025-06-14 23:40:08,485 - engine.matching_engine - INFO - Pending orders for BTC_USD: {'bids': [{'price': '100000.0', 'quantity': '1.0', 'orders': [{'id': '62e4691c-2eba-4256-91a6-14219da7c78a', 'side': 'BUY', 'type': 'LIMIT', 'quantity': '1.0', 'filled_quantity': '0', 'status': 'PARTIALLY_FILLED', 'timestamp': '2025-06-14T18:10:08.130014'}]}, {'price': '20000.0', 'quantity': '3.0', 'orders': [{'id': 'ee36bb8e-9d9f-4c3c-9114-267008597c79', 'side': 'BUY', 'type': 'LIMIT', 'quantity': '3.0', 'filled_quantity': '0', 'status': 'PARTIALLY_FILLED', 'timestamp': '2025-06-14T18:09:03.807263'}]}, {'price': '15000.0', 'quantity': '15.0', 'orders': [{'id': '9f535476-9dfe-48ae-ad77-e29952e86dd0', 'side': 'BUY', 'type': 'LIMIT', 'quantity': '15.0', 'filled_quantity': '0', 'status': 'PARTIALLY_FILLED', 'timestamp': '2025-06-14T18:09:10.893345'}]}, {'price': '10000.0', 'quantity': '1.0', 'orders': [{'id': 'f25505d9-df8d-41e7-b064-145994af3a53', 'side': 'BUY', 'type': 'LIMIT', 'quantity': '1.0', 'filled_quantity': '0', 'status': 'PARTIALLY_FILLED', 'timestamp': '2025-06-14T18:08:57.659852'}]}, {'price': '1.0', 'quantity': '7.0', 'orders': [{'id': 'f2f4a236-1648-4200-9fb0-7d88e2aec274', 'side': 'BUY', 'type': 'LIMIT', 'quantity': '1.0', 'filled_quantity': '0', 'status': 'PARTIALLY_FILLED', 'timestamp': '2025-06-14T18:09:17.941619'}, {'id': 'a9139aef-84c6-443e-a8f7-95a244e6cda7', 'side': 'BUY', 'type': 'LIMIT', 'quantity': '1.0', 'filled_quantity': '0', 'status': 'PARTIALLY_FILLED', 'timestamp': '2025-06-14T18:09:23.607114'}, {'id': '8fa84823-496d-400e-9c44-36274d6f17af', 'side': 'BUY', 'type': 'LIMIT', 'quantity': '1.0', 'filled_quantity': '0', 'status': 'PARTIALLY_FILLED', 'timestamp': '2025-06-14T18:09:26.912478'}, {'id': '68f8ccbd-43f0-4481-a8fc-34cbe2d49c59', 'side': 'BUY', 'type': 'LIMIT', 'quantity': '1.0', 'filled_quantity': '0', 'status': 'PARTIALLY_FILLED', 'timestamp': '2025-06-14T18:09:30.147979'}, {'id': '20affde8-d3fd-4541-aa37-91caa3ef1744', 'side': 'BUY', 'type': 'LIMIT', 'quantity': '1.0', 'filled_quantity': '0', 'status': 'PARTIALLY_FILLED', 'timestamp': '2025-06-14T18:09:37.932658'}, {'id': 'a398e40d-e9bf-4aca-b8b6-1633b0882004', 'side': 'BUY', 'type': 'LIMIT', 'quantity': '1.0', 'filled_quantity': '0', 'status': 'PARTIALLY_FILLED', 'timestamp': '2025-06-14T18:09:40.937185'}, {'id': '221b2780-caab-490f-baf5-8dec048af280', 'side': 'BUY', 'type': 'LIMIT', 'quantity': '1.0', 'filled_quantity': '0', 'status': 'PARTIALLY_FILLED', 'timestamp': '2025-06-14T18:09:44.448650'}]}], 'asks': [], 'timestamp': '2025-06-14T18:10:08.485344'}
2025-06-14 23:40:24,066 - engine.matching_engine - INFO - Processing new order 2e68cd94-87da-4a96-a6ce-f19acb64aa10 of type OrderType.MARKET for BTC_USD
2025-06-14 23:40:24,067 - engine.matching_engine - INFO - Found 0 activated orders to process
2025-06-14 23:40:24,071 - engine.order_book - INFO - Updated best bid to price 20000.0 with 1 orders and total quantity 3.0
2025-06-14 23:40:24,428 - engine.redis_persistence - INFO - Order book state saved for BTC_USD
2025-06-14 23:40:24,788 - engine.redis_persistence - INFO - Trade 001d685b-aee4-43a3-8c42-dfaa91578dc0 saved
2025-06-14 23:40:24,789 - engine.order_book - INFO - Removing order 62e4691c-2eba-4256-91a6-14219da7c78a from order book
2025-06-14 23:40:24,789 - engine.order_book - WARNING - Order 62e4691c-2eba-4256-91a6-14219da7c78a not found in order book
2025-06-14 23:40:24,790 - engine.matching_engine - ERROR - Error broadcasting updates: 'NoneType' object has no attribute 'id'
Traceback (most recent call last):
  File "C:\Users\Krishnaansh Goel\OneDrive\Desktop\Projects\Goquant5\backend\engine\matching_engine.py", line 278, in _broadcast_updates
    order_book.add_order(buy_order)
  File "C:\Users\Krishnaansh Goel\OneDrive\Desktop\Projects\Goquant5\backend\engine\order_book.py", line 62, in add_order
    logger.debug(f"Adding order {order.id} to order book for {order.symbol}")
                                 ^^^^^^^^
AttributeError: 'NoneType' object has no attribute 'id'
2025-06-14 23:41:27,090 - engine.matching_engine - INFO - Processing new order d8697125-9df1-4bd5-b329-be2d376fa74a of type OrderType.STOP_LIMIT for BTC_USD
2025-06-14 23:41:27,091 - engine.matching_engine - INFO - Found 0 activated orders to process
2025-06-14 23:41:27,480 - engine.redis_persistence - INFO - Order book state saved for BTC_USD
2025-06-14 23:41:27,482 - engine.matching_engine - INFO - Current BBO for BTC_USD: {'best_bid': 20000.0, 'best_bid_quantity': 3.0, 'best_ask': None, 'best_ask_quantity': None, 'timestamp': '2025-06-14T18:11:27.481707'}
2025-06-14 23:41:27,482 - engine.matching_engine - INFO - Updated BBO for BTC_USD: {'best_bid': 20000.0, 'best_bid_quantity': 3.0, 'best_ask': None, 'best_ask_quantity': None, 'timestamp': '2025-06-14T18:11:27.481707'}
2025-06-14 23:41:27,483 - engine.matching_engine - INFO - Pending orders for BTC_USD: {'bids': [{'price': '20000.0', 'quantity': '3.0', 'orders': [{'id': 'ee36bb8e-9d9f-4c3c-9114-267008597c79', 'side': 'BUY', 'type': 'LIMIT', 'quantity': '3.0', 'filled_quantity': '0', 'status': 'PARTIALLY_FILLED', 'timestamp': '2025-06-14T18:09:03.807263'}]}, {'price': '15000.0', 'quantity': '15.0', 'orders': [{'id': '9f535476-9dfe-48ae-ad77-e29952e86dd0', 'side': 'BUY', 'type': 'LIMIT', 'quantity': '15.0', 'filled_quantity': '0', 'status': 'PARTIALLY_FILLED', 'timestamp': '2025-06-14T18:09:10.893345'}]}, {'price': '10000.0', 'quantity': '1.0', 'orders': [{'id': 'f25505d9-df8d-41e7-b064-145994af3a53', 'side': 'BUY', 'type': 'LIMIT', 'quantity': '1.0', 'filled_quantity': '0', 'status': 'PARTIALLY_FILLED', 'timestamp': '2025-06-14T18:08:57.659852'}]}, {'price': '1.0', 'quantity': '7.0', 'orders': [{'id': 'f2f4a236-1648-4200-9fb0-7d88e2aec274', 'side': 'BUY', 'type': 'LIMIT', 'quantity': '1.0', 'filled_quantity': '0', 'status': 'PARTIALLY_FILLED', 'timestamp': '2025-06-14T18:09:17.941619'}, {'id': 'a9139aef-84c6-443e-a8f7-95a244e6cda7', 'side': 'BUY', 'type': 'LIMIT', 'quantity': '1.0', 'filled_quantity': '0', 'status': 'PARTIALLY_FILLED', 'timestamp': '2025-06-14T18:09:23.607114'}, {'id': '8fa84823-496d-400e-9c44-36274d6f17af', 'side': 'BUY', 'type': 'LIMIT', 'quantity': '1.0', 'filled_quantity': '0', 'status': 'PARTIALLY_FILLED', 'timestamp': '2025-06-14T18:09:26.912478'}, {'id': '68f8ccbd-43f0-4481-a8fc-34cbe2d49c59', 'side': 'BUY', 'type': 'LIMIT', 'quantity': '1.0', 'filled_quantity': '0', 'status': 'PARTIALLY_FILLED', 'timestamp': '2025-06-14T18:09:30.147979'}, {'id': '20affde8-d3fd-4541-aa37-91caa3ef1744', 'side': 'BUY', 'type': 'LIMIT', 'quantity': '1.0', 'filled_quantity': '0', 'status': 'PARTIALLY_FILLED', 'timestamp': '2025-06-14T18:09:37.932658'}, {'id': 'a398e40d-e9bf-4aca-b8b6-1633b0882004', 'side': 'BUY', 'type': 'LIMIT', 'quantity': '1.0', 'filled_quantity': '0', 'status': 'PARTIALLY_FILLED', 'timestamp': '2025-06-14T18:09:40.937185'}, {'id': '221b2780-caab-490f-baf5-8dec048af280', 'side': 'BUY', 'type': 'LIMIT', 'quantity': '1.0', 'filled_quantity': '0', 'status': 'PARTIALLY_FILLED', 'timestamp': '2025-06-14T18:09:44.448650'}]}], 'asks': [], 'timestamp': '2025-06-14T18:11:27.483051'}
2025-06-14 23:41:54,505 - engine.matching_engine - INFO - Processing new order f090ed0a-7004-4ef4-98e8-cad8549ac9fb of type OrderType.LIMIT for BTC_USD
2025-06-14 23:41:54,506 - engine.matching_engine - INFO - Found 1 activated orders to process
2025-06-14 23:41:54,506 - engine.matching_engine - INFO - Processing activated order d8697125-9df1-4bd5-b329-be2d376fa74a
2025-06-14 23:41:54,507 - engine.matching_engine - INFO - Generated 0 trades from activated order d8697125-9df1-4bd5-b329-be2d376fa74a
2025-06-14 23:41:54,866 - engine.redis_persistence - INFO - Order book state saved for BTC_USD
2025-06-14 23:41:54,866 - engine.matching_engine - INFO - Current BBO for BTC_USD: {'best_bid': 60000.0, 'best_bid_quantity': 0.5, 'best_ask': None, 'best_ask_quantity': None, 'timestamp': '2025-06-14T18:11:54.866841'}
2025-06-14 23:41:54,866 - engine.matching_engine - INFO - Updated BBO for BTC_USD: {'best_bid': 60000.0, 'best_bid_quantity': 0.5, 'best_ask': None, 'best_ask_quantity': None, 'timestamp': '2025-06-14T18:11:54.866841'}
2025-06-14 23:41:54,867 - engine.matching_engine - INFO - Pending orders for BTC_USD: {'bids': [{'price': '60000.0', 'quantity': '0.5', 'orders': [{'id': 'f090ed0a-7004-4ef4-98e8-cad8549ac9fb', 'side': 'BUY', 'type': 'LIMIT', 'quantity': '0.5', 'filled_quantity': '0', 'status': 'PARTIALLY_FILLED', 'timestamp': '2025-06-14T18:11:54.505572'}]}, {'price': '50000.0', 'quantity': '1.0', 'orders': [{'id': 'd8697125-9df1-4bd5-b329-be2d376fa74a', 'side': 'BUY', 'type': 'LIMIT', 'quantity': '1.0', 'filled_quantity': '0', 'status': 'PARTIALLY_FILLED', 'timestamp': '2025-06-14T18:11:27.090971'}]}, {'price': '20000.0', 'quantity': '3.0', 'orders': [{'id': 'ee36bb8e-9d9f-4c3c-9114-267008597c79', 'side': 'BUY', 'type': 'LIMIT', 'quantity': '3.0', 'filled_quantity': '0', 'status': 'PARTIALLY_FILLED', 'timestamp': '2025-06-14T18:09:03.807263'}]}, {'price': '15000.0', 'quantity': '15.0', 'orders': [{'id': '9f535476-9dfe-48ae-ad77-e29952e86dd0', 'side': 'BUY', 'type': 'LIMIT', 'quantity': '15.0', 'filled_quantity': '0', 'status': 'PARTIALLY_FILLED', 'timestamp': '2025-06-14T18:09:10.893345'}]}, {'price': '10000.0', 'quantity': '1.0', 'orders': [{'id': 'f25505d9-df8d-41e7-b064-145994af3a53', 'side': 'BUY', 'type': 'LIMIT', 'quantity': '1.0', 'filled_quantity': '0', 'status': 'PARTIALLY_FILLED', 'timestamp': '2025-06-14T18:08:57.659852'}]}, {'price': '1.0', 'quantity': '7.0', 'orders': [{'id': 'f2f4a236-1648-4200-9fb0-7d88e2aec274', 'side': 'BUY', 'type': 'LIMIT', 'quantity': '1.0', 'filled_quantity': '0', 'status': 'PARTIALLY_FILLED', 'timestamp': '2025-06-14T18:09:17.941619'}, {'id': 'a9139aef-84c6-443e-a8f7-95a244e6cda7', 'side': 'BUY', 'type': 'LIMIT', 'quantity': '1.0', 'filled_quantity': '0', 'status': 'PARTIALLY_FILLED', 'timestamp': '2025-06-14T18:09:23.607114'}, {'id': '8fa84823-496d-400e-9c44-36274d6f17af', 'side': 'BUY', 'type': 'LIMIT', 'quantity': '1.0', 'filled_quantity': '0', 'status': 'PARTIALLY_FILLED', 'timestamp': '2025-06-14T18:09:26.912478'}, {'id': '68f8ccbd-43f0-4481-a8fc-34cbe2d49c59', 'side': 'BUY', 'type': 'LIMIT', 'quantity': '1.0', 'filled_quantity': '0', 'status': 'PARTIALLY_FILLED', 'timestamp': '2025-06-14T18:09:30.147979'}, {'id': '20affde8-d3fd-4541-aa37-91caa3ef1744', 'side': 'BUY', 'type': 'LIMIT', 'quantity': '1.0', 'filled_quantity': '0', 'status': 'PARTIALLY_FILLED', 'timestamp': '2025-06-14T18:09:37.932658'}, {'id': 'a398e40d-e9bf-4aca-b8b6-1633b0882004', 'side': 'BUY', 'type': 'LIMIT', 'quantity': '1.0', 'filled_quantity': '0', 'status': 'PARTIALLY_FILLED', 'timestamp': '2025-06-14T18:09:40.937185'}, {'id': '221b2780-caab-490f-baf5-8dec048af280', 'side': 'BUY', 'type': 'LIMIT', 'quantity': '1.0', 'filled_quantity': '0', 'status': 'PARTIALLY_FILLED', 'timestamp': '2025-06-14T18:09:44.448650'}]}], 'asks': [], 'timestamp': '2025-06-14T18:11:54.867458'}
2025-06-14 23:42:17,879 - engine.matching_engine - INFO - Processing new order 10a39786-141c-4d93-b1bf-51a6cd92ba03 of type OrderType.STOP_LIMIT for BTC_USD
2025-06-14 23:42:17,880 - engine.matching_engine - INFO - Found 0 activated orders to process
2025-06-14 23:42:18,246 - engine.redis_persistence - INFO - Order book state saved for BTC_USD
2025-06-14 23:42:18,247 - engine.matching_engine - INFO - Current BBO for BTC_USD: {'best_bid': 60000.0, 'best_bid_quantity': 0.5, 'best_ask': None, 'best_ask_quantity': None, 'timestamp': '2025-06-14T18:12:18.247799'}
2025-06-14 23:42:18,248 - engine.matching_engine - INFO - Updated BBO for BTC_USD: {'best_bid': 60000.0, 'best_bid_quantity': 0.5, 'best_ask': None, 'best_ask_quantity': None, 'timestamp': '2025-06-14T18:12:18.247799'}
2025-06-14 23:42:18,249 - engine.matching_engine - INFO - Pending orders for BTC_USD: {'bids': [{'price': '60000.0', 'quantity': '0.5', 'orders': [{'id': 'f090ed0a-7004-4ef4-98e8-cad8549ac9fb', 'side': 'BUY', 'type': 'LIMIT', 'quantity': '0.5', 'filled_quantity': '0', 'status': 'PARTIALLY_FILLED', 'timestamp': '2025-06-14T18:11:54.505572'}]}, {'price': '50000.0', 'quantity': '1.0', 'orders': [{'id': 'd8697125-9df1-4bd5-b329-be2d376fa74a', 'side': 'BUY', 'type': 'LIMIT', 'quantity': '1.0', 'filled_quantity': '0', 'status': 'PARTIALLY_FILLED', 'timestamp': '2025-06-14T18:11:27.090971'}]}, {'price': '20000.0', 'quantity': '3.0', 'orders': [{'id': 'ee36bb8e-9d9f-4c3c-9114-267008597c79', 'side': 'BUY', 'type': 'LIMIT', 'quantity': '3.0', 'filled_quantity': '0', 'status': 'PARTIALLY_FILLED', 'timestamp': '2025-06-14T18:09:03.807263'}]}, {'price': '15000.0', 'quantity': '15.0', 'orders': [{'id': '9f535476-9dfe-48ae-ad77-e29952e86dd0', 'side': 'BUY', 'type': 'LIMIT', 'quantity': '15.0', 'filled_quantity': '0', 'status': 'PARTIALLY_FILLED', 'timestamp': '2025-06-14T18:09:10.893345'}]}, {'price': '10000.0', 'quantity': '1.0', 'orders': [{'id': 'f25505d9-df8d-41e7-b064-145994af3a53', 'side': 'BUY', 'type': 'LIMIT', 'quantity': '1.0', 'filled_quantity': '0', 'status': 'PARTIALLY_FILLED', 'timestamp': '2025-06-14T18:08:57.659852'}]}, {'price': '1.0', 'quantity': '7.0', 'orders': [{'id': 'f2f4a236-1648-4200-9fb0-7d88e2aec274', 'side': 'BUY', 'type': 'LIMIT', 'quantity': '1.0', 'filled_quantity': '0', 'status': 'PARTIALLY_FILLED', 'timestamp': '2025-06-14T18:09:17.941619'}, {'id': 'a9139aef-84c6-443e-a8f7-95a244e6cda7', 'side': 'BUY', 'type': 'LIMIT', 'quantity': '1.0', 'filled_quantity': '0', 'status': 'PARTIALLY_FILLED', 'timestamp': '2025-06-14T18:09:23.607114'}, {'id': '8fa84823-496d-400e-9c44-36274d6f17af', 'side': 'BUY', 'type': 'LIMIT', 'quantity': '1.0', 'filled_quantity': '0', 'status': 'PARTIALLY_FILLED', 'timestamp': '2025-06-14T18:09:26.912478'}, {'id': '68f8ccbd-43f0-4481-a8fc-34cbe2d49c59', 'side': 'BUY', 'type': 'LIMIT', 'quantity': '1.0', 'filled_quantity': '0', 'status': 'PARTIALLY_FILLED', 'timestamp': '2025-06-14T18:09:30.147979'}, {'id': '20affde8-d3fd-4541-aa37-91caa3ef1744', 'side': 'BUY', 'type': 'LIMIT', 'quantity': '1.0', 'filled_quantity': '0', 'status': 'PARTIALLY_FILLED', 'timestamp': '2025-06-14T18:09:37.932658'}, {'id': 'a398e40d-e9bf-4aca-b8b6-1633b0882004', 'side': 'BUY', 'type': 'LIMIT', 'quantity': '1.0', 'filled_quantity': '0', 'status': 'PARTIALLY_FILLED', 'timestamp': '2025-06-14T18:09:40.937185'}, {'id': '221b2780-caab-490f-baf5-8dec048af280', 'side': 'BUY', 'type': 'LIMIT', 'quantity': '1.0', 'filled_quantity': '0', 'status': 'PARTIALLY_FILLED', 'timestamp': '2025-06-14T18:09:44.448650'}]}], 'asks': [], 'timestamp': '2025-06-14T18:12:18.249722'}
2025-06-14 23:42:30,049 - engine.matching_engine - INFO - Processing new order 0b61de0f-ba6d-452d-9229-82ffd4159b5f of type OrderType.LIMIT for BTC_USD
2025-06-14 23:42:30,050 - engine.matching_engine - INFO - Found 1 activated orders to process
2025-06-14 23:42:30,051 - engine.matching_engine - INFO - Processing activated order 10a39786-141c-4d93-b1bf-51a6cd92ba03
2025-06-14 23:42:30,052 - engine.matching_engine - INFO - Generated 0 trades from activated order 10a39786-141c-4d93-b1bf-51a6cd92ba03
2025-06-14 23:42:30,052 - engine.order_book - INFO - Updated best bid to price 50000.0 with 2 orders and total quantity 2.0
2025-06-14 23:42:30,416 - engine.redis_persistence - INFO - Order book state saved for BTC_USD
2025-06-14 23:42:30,773 - engine.redis_persistence - INFO - Trade 688403eb-f28c-4f72-8b4b-9dda3bf233bc saved
2025-06-14 23:42:30,774 - engine.order_book - INFO - Removing order f090ed0a-7004-4ef4-98e8-cad8549ac9fb from order book
2025-06-14 23:42:30,775 - engine.order_book - WARNING - Order f090ed0a-7004-4ef4-98e8-cad8549ac9fb not found in order book
2025-06-14 23:42:30,776 - engine.matching_engine - ERROR - Error broadcasting updates: 'NoneType' object has no attribute 'id'
Traceback (most recent call last):
  File "C:\Users\Krishnaansh Goel\OneDrive\Desktop\Projects\Goquant5\backend\engine\matching_engine.py", line 278, in _broadcast_updates
    order_book.add_order(buy_order)
  File "C:\Users\Krishnaansh Goel\OneDrive\Desktop\Projects\Goquant5\backend\engine\order_book.py", line 62, in add_order
    logger.debug(f"Adding order {order.id} to order book for {order.symbol}")
                                 ^^^^^^^^
AttributeError: 'NoneType' object has no attribute 'id'
2025-06-14 23:43:10,683 - engine.matching_engine - INFO - Processing new order 248a74fc-458f-434d-9c1c-485a9b6d089b of type OrderType.STOP_LIMIT for BTC_USD
2025-06-14 23:43:10,684 - engine.matching_engine - INFO - Found 0 activated orders to process
2025-06-14 23:43:11,048 - engine.redis_persistence - INFO - Order book state saved for BTC_USD
2025-06-14 23:43:11,049 - engine.matching_engine - INFO - Current BBO for BTC_USD: {'best_bid': 50000.0, 'best_bid_quantity': 2.0, 'best_ask': 60000.0, 'best_ask_quantity': 0.5, 'timestamp': '2025-06-14T18:13:11.049033'}
2025-06-14 23:43:11,049 - engine.matching_engine - INFO - Updated BBO for BTC_USD: {'best_bid': 50000.0, 'best_bid_quantity': 2.0, 'best_ask': 60000.0, 'best_ask_quantity': 0.5, 'timestamp': '2025-06-14T18:13:11.049033'}
2025-06-14 23:43:11,049 - engine.matching_engine - INFO - Pending orders for BTC_USD: {'bids': [{'price': '50000.0', 'quantity': '2.0', 'orders': [{'id': 'd8697125-9df1-4bd5-b329-be2d376fa74a', 'side': 'BUY', 'type': 'LIMIT', 'quantity': '1.0', 'filled_quantity': '0', 'status': 'PARTIALLY_FILLED', 'timestamp': '2025-06-14T18:11:27.090971'}, {'id': '10a39786-141c-4d93-b1bf-51a6cd92ba03', 'side': 'BUY', 'type': 'LIMIT', 'quantity': '1.0', 'filled_quantity': '0', 'status': 'PARTIALLY_FILLED', 'timestamp': '2025-06-14T18:12:17.879152'}]}, {'price': '20000.0', 'quantity': '3.0', 'orders': [{'id': 'ee36bb8e-9d9f-4c3c-9114-267008597c79', 'side': 'BUY', 'type': 'LIMIT', 'quantity': '3.0', 'filled_quantity': '0', 'status': 'PARTIALLY_FILLED', 'timestamp': '2025-06-14T18:09:03.807263'}]}, {'price': '15000.0', 'quantity': '15.0', 'orders': [{'id': '9f535476-9dfe-48ae-ad77-e29952e86dd0', 'side': 'BUY', 'type': 'LIMIT', 'quantity': '15.0', 'filled_quantity': '0', 'status': 'PARTIALLY_FILLED', 'timestamp': '2025-06-14T18:09:10.893345'}]}, {'price': '10000.0', 'quantity': '1.0', 'orders': [{'id': 'f25505d9-df8d-41e7-b064-145994af3a53', 'side': 'BUY', 'type': 'LIMIT', 'quantity': '1.0', 'filled_quantity': '0', 'status': 'PARTIALLY_FILLED', 'timestamp': '2025-06-14T18:08:57.659852'}]}, {'price': '1.0', 'quantity': '7.0', 'orders': [{'id': 'f2f4a236-1648-4200-9fb0-7d88e2aec274', 'side': 'BUY', 'type': 'LIMIT', 'quantity': '1.0', 'filled_quantity': '0', 'status': 'PARTIALLY_FILLED', 'timestamp': '2025-06-14T18:09:17.941619'}, {'id': 'a9139aef-84c6-443e-a8f7-95a244e6cda7', 'side': 'BUY', 'type': 'LIMIT', 'quantity': '1.0', 'filled_quantity': '0', 'status': 'PARTIALLY_FILLED', 'timestamp': '2025-06-14T18:09:23.607114'}, {'id': '8fa84823-496d-400e-9c44-36274d6f17af', 'side': 'BUY', 'type': 'LIMIT', 'quantity': '1.0', 'filled_quantity': '0', 'status': 'PARTIALLY_FILLED', 'timestamp': '2025-06-14T18:09:26.912478'}, {'id': '68f8ccbd-43f0-4481-a8fc-34cbe2d49c59', 'side': 'BUY', 'type': 'LIMIT', 'quantity': '1.0', 'filled_quantity': '0', 'status': 'PARTIALLY_FILLED', 'timestamp': '2025-06-14T18:09:30.147979'}, {'id': '20affde8-d3fd-4541-aa37-91caa3ef1744', 'side': 'BUY', 'type': 'LIMIT', 'quantity': '1.0', 'filled_quantity': '0', 'status': 'PARTIALLY_FILLED', 'timestamp': '2025-06-14T18:09:37.932658'}, {'id': 'a398e40d-e9bf-4aca-b8b6-1633b0882004', 'side': 'BUY', 'type': 'LIMIT', 'quantity': '1.0', 'filled_quantity': '0', 'status': 'PARTIALLY_FILLED', 'timestamp': '2025-06-14T18:09:40.937185'}, {'id': '221b2780-caab-490f-baf5-8dec048af280', 'side': 'BUY', 'type': 'LIMIT', 'quantity': '1.0', 'filled_quantity': '0', 'status': 'PARTIALLY_FILLED', 'timestamp': '2025-06-14T18:09:44.448650'}]}], 'asks': [], 'timestamp': '2025-06-14T18:13:11.049696'}
2025-06-14 23:43:30,977 - engine.matching_engine - INFO - Processing new order bc88f2e4-6d9f-4018-9ee2-73c967bad759 of type OrderType.LIMIT for BTC_USD
2025-06-14 23:43:30,978 - engine.matching_engine - INFO - Found 1 activated orders to process
2025-06-14 23:43:30,978 - engine.matching_engine - INFO - Processing activated order 248a74fc-458f-434d-9c1c-485a9b6d089b
2025-06-14 23:43:30,979 - engine.matching_engine - INFO - Generated 0 trades from activated order 248a74fc-458f-434d-9c1c-485a9b6d089b
2025-06-14 23:43:30,979 - engine.order_book - INFO - Updated best ask to price 80000.0 with 1 orders and total quantity 10.0
2025-06-14 23:43:31,337 - engine.redis_persistence - INFO - Order book state saved for BTC_USD
2025-06-14 23:43:31,681 - engine.redis_persistence - INFO - Trade 5e86c5eb-5a28-4804-80d7-a3827848b4bb saved
2025-06-14 23:43:31,682 - engine.order_book - INFO - Removing order bc88f2e4-6d9f-4018-9ee2-73c967bad759 from order book
2025-06-14 23:43:31,683 - engine.order_book - INFO - Removing order from best bid level at price 69999.0
2025-06-14 23:43:31,684 - engine.order_book - INFO - Updated best bid to price 50000.0 with 2 orders and total quantity 2.0
2025-06-14 23:43:31,685 - engine.matching_engine - INFO - Added partially filled buy order bc88f2e4-6d9f-4018-9ee2-73c967bad759 back to order book
2025-06-14 23:43:31,686 - engine.order_book - INFO - Removing order 0b61de0f-ba6d-452d-9229-82ffd4159b5f from order book
2025-06-14 23:43:31,686 - engine.order_book - WARNING - Order 0b61de0f-ba6d-452d-9229-82ffd4159b5f not found in order book
2025-06-14 23:43:31,687 - engine.matching_engine - ERROR - Error broadcasting updates: 'NoneType' object has no attribute 'id'
Traceback (most recent call last):
  File "C:\Users\Krishnaansh Goel\OneDrive\Desktop\Projects\Goquant5\backend\engine\matching_engine.py", line 286, in _broadcast_updates
    order_book.add_order(sell_order)
  File "C:\Users\Krishnaansh Goel\OneDrive\Desktop\Projects\Goquant5\backend\engine\order_book.py", line 62, in add_order
    logger.debug(f"Adding order {order.id} to order book for {order.symbol}")
                                 ^^^^^^^^
AttributeError: 'NoneType' object has no attribute 'id'
2025-06-14 23:45:41,932 - engine.websocket_manager - INFO - Client c552a938-1061-43aa-b46e-7d1dde7f23ef connected to channel market_data_BTC_USD
2025-06-14 23:45:41,937 - engine.matching_engine - INFO - Current BBO for BTC_USD: {'best_bid': 69999.0, 'best_bid_quantity': 0.5, 'best_ask': 80000.0, 'best_ask_quantity': 10.0, 'timestamp': '2025-06-14T18:15:41.937713'}
2025-06-14 23:47:14,191 - engine.websocket_manager - INFO - Client c552a938-1061-43aa-b46e-7d1dde7f23ef disconnected from market_data_BTC_USD after 0:01:32.258543
2025-06-14 23:48:13,886 - engine.websocket_manager - INFO - Client 64184796-f735-448a-ae9c-0320ccfac433 connected to channel market_data_BTC_USD
2025-06-14 23:48:13,888 - engine.matching_engine - INFO - Current BBO for BTC_USD: {'best_bid': 69999.0, 'best_bid_quantity': 0.5, 'best_ask': 80000.0, 'best_ask_quantity': 10.0, 'timestamp': '2025-06-14T18:18:13.888321'}
2025-06-14 23:48:22,483 - engine.websocket_manager - INFO - Client 64184796-f735-448a-ae9c-0320ccfac433 disconnected from market_data_BTC_USD after 0:00:08.596644
2025-06-14 23:48:32,664 - engine.websocket_manager - INFO - Client 8c6d4634-29fa-41f4-8a45-566681cc3f90 connected to channel market_data_BTC_USD
2025-06-14 23:48:32,668 - engine.matching_engine - INFO - Current BBO for BTC_USD: {'best_bid': 69999.0, 'best_bid_quantity': 0.5, 'best_ask': 80000.0, 'best_ask_quantity': 10.0, 'timestamp': '2025-06-14T18:18:32.668242'}
2025-06-14 23:49:07,447 - engine.websocket_manager - INFO - Client 8c6d4634-29fa-41f4-8a45-566681cc3f90 disconnected from market_data_BTC_USD after 0:00:34.782690
2025-06-14 23:49:10,856 - engine.websocket_manager - INFO - Client 7b35e22e-435c-4bce-bf84-6ef90ff407d7 connected to channel market_data_BTC_USD
2025-06-14 23:49:10,856 - engine.matching_engine - INFO - Current BBO for BTC_USD: {'best_bid': 69999.0, 'best_bid_quantity': 0.5, 'best_ask': 80000.0, 'best_ask_quantity': 10.0, 'timestamp': '2025-06-14T18:19:10.856928'}
2025-06-14 23:49:54,614 - engine.websocket_manager - INFO - Client 7b35e22e-435c-4bce-bf84-6ef90ff407d7 disconnected from market_data_BTC_USD after 0:00:43.758593
2025-06-14 23:50:28,560 - engine.websocket_manager - INFO - Client 5a7415b6-a950-4a54-972a-bbad6cc0a0ee connected to channel market_data_BTC_USD
2025-06-14 23:50:28,561 - engine.matching_engine - INFO - Current BBO for BTC_USD: {'best_bid': 69999.0, 'best_bid_quantity': 0.5, 'best_ask': 80000.0, 'best_ask_quantity': 10.0, 'timestamp': '2025-06-14T18:20:28.561380'}
2025-06-14 23:50:30,292 - engine.websocket_manager - INFO - Client 5a7415b6-a950-4a54-972a-bbad6cc0a0ee disconnected from market_data_BTC_USD after 0:00:01.724354
2025-06-14 23:50:33,203 - engine.websocket_manager - INFO - Client 0c1168fa-c25e-4cdb-b26d-adf3432e9a1b connected to channel market_data_BTC_USD
2025-06-14 23:50:33,214 - engine.matching_engine - INFO - Current BBO for BTC_USD: {'best_bid': 69999.0, 'best_bid_quantity': 0.5, 'best_ask': 80000.0, 'best_ask_quantity': 10.0, 'timestamp': '2025-06-14T18:20:33.211085'}
2025-06-14 23:51:11,750 - engine.websocket_manager - INFO - Client 0c1168fa-c25e-4cdb-b26d-adf3432e9a1b disconnected from market_data_BTC_USD after 0:00:38.547434
2025-06-14 23:51:13,827 - engine.websocket_manager - INFO - Client 91581d01-f201-44e0-8386-17b487e1ae20 connected to channel market_data_BTC_USD
2025-06-14 23:51:13,828 - engine.matching_engine - INFO - Current BBO for BTC_USD: {'best_bid': 69999.0, 'best_bid_quantity': 0.5, 'best_ask': 80000.0, 'best_ask_quantity': 10.0, 'timestamp': '2025-06-14T18:21:13.827982'}
2025-06-14 23:51:23,323 - engine.matching_engine - INFO - Processing new order 1b128b42-b51e-4000-8e84-5f7c9d460bba of type OrderType.MARKET for BTC_USD
2025-06-14 23:51:23,342 - engine.matching_engine - INFO - Found 0 activated orders to process
2025-06-14 23:51:23,350 - engine.order_book - INFO - No asks left, best ask set to None
2025-06-14 23:51:23,808 - engine.redis_persistence - INFO - Order book state saved for BTC_USD
2025-06-14 23:51:24,208 - engine.redis_persistence - INFO - Trade f58a1f71-af27-4542-a7a5-78bee310f453 saved
2025-06-14 23:51:24,209 - engine.order_book - INFO - Removing order 1b128b42-b51e-4000-8e84-5f7c9d460bba from order book
2025-06-14 23:51:24,210 - engine.order_book - WARNING - Order 1b128b42-b51e-4000-8e84-5f7c9d460bba not found in order book
2025-06-14 23:51:24,212 - engine.matching_engine - ERROR - Error broadcasting updates: 'NoneType' object has no attribute 'id'
Traceback (most recent call last):
  File "C:\Users\Krishnaansh Goel\OneDrive\Desktop\Projects\Goquant5\backend\engine\matching_engine.py", line 278, in _broadcast_updates
    order_book.add_order(buy_order)
  File "C:\Users\Krishnaansh Goel\OneDrive\Desktop\Projects\Goquant5\backend\engine\order_book.py", line 62, in add_order
    logger.debug(f"Adding order {order.id} to order book for {order.symbol}")
                                 ^^^^^^^^
AttributeError: 'NoneType' object has no attribute 'id'
2025-06-14 23:51:39,472 - engine.matching_engine - INFO - Processing new order 5ef18866-c9ac-4873-b25a-af06424024e0 of type OrderType.MARKET for BTC_USD
2025-06-14 23:51:39,474 - engine.matching_engine - INFO - Found 0 activated orders to process
2025-06-14 23:51:39,474 - engine.order_book - INFO - Updated best bid to price 50000.0 with 2 orders and total quantity 2.0
2025-06-14 23:51:39,476 - engine.order_book - INFO - Updated best bid quantity to 2.0 at price 50000.0
2025-06-14 23:51:39,905 - engine.redis_persistence - INFO - Order book state saved for BTC_USD
2025-06-14 23:51:40,311 - engine.redis_persistence - INFO - Trade 035e5d44-b27e-4056-8ae6-001e284f3a8b saved
2025-06-14 23:51:40,942 - engine.redis_persistence - INFO - Trade 156b6ef7-3329-40ed-bfad-107945ae9685 saved
2025-06-14 23:51:40,943 - engine.order_book - INFO - Removing order bc88f2e4-6d9f-4018-9ee2-73c967bad759 from order book
2025-06-14 23:51:40,944 - engine.order_book - WARNING - Order bc88f2e4-6d9f-4018-9ee2-73c967bad759 not found in order book
2025-06-14 23:51:40,945 - engine.matching_engine - ERROR - Error broadcasting updates: 'NoneType' object has no attribute 'id'
Traceback (most recent call last):
  File "C:\Users\Krishnaansh Goel\OneDrive\Desktop\Projects\Goquant5\backend\engine\matching_engine.py", line 278, in _broadcast_updates
    order_book.add_order(buy_order)
  File "C:\Users\Krishnaansh Goel\OneDrive\Desktop\Projects\Goquant5\backend\engine\order_book.py", line 62, in add_order
    logger.debug(f"Adding order {order.id} to order book for {order.symbol}")
                                 ^^^^^^^^
AttributeError: 'NoneType' object has no attribute 'id'
2025-06-14 23:52:09,332 - engine.matching_engine - INFO - Processing new order c18b0fee-7235-411e-ade8-eaa05827fb5f of type OrderType.MARKET for BTC_USD
2025-06-14 23:52:09,333 - engine.matching_engine - INFO - Found 0 activated orders to process
2025-06-14 23:52:09,333 - engine.order_book - INFO - Updated best bid to price 20000.0 with 1 orders and total quantity 3.0
2025-06-14 23:52:09,749 - engine.redis_persistence - INFO - Order book state saved for BTC_USD
2025-06-14 23:52:10,148 - engine.redis_persistence - INFO - Trade 4e66cb1d-1a50-443c-b1ee-04f77eed523b saved
2025-06-14 23:52:10,547 - engine.redis_persistence - INFO - Trade e472ed2c-af95-4b6f-8d98-ac426dd12cc7 saved
2025-06-14 23:52:10,547 - engine.order_book - INFO - Removing order d8697125-9df1-4bd5-b329-be2d376fa74a from order book
2025-06-14 23:52:10,548 - engine.order_book - WARNING - Order d8697125-9df1-4bd5-b329-be2d376fa74a not found in order book
2025-06-14 23:52:10,549 - engine.matching_engine - ERROR - Error broadcasting updates: 'NoneType' object has no attribute 'id'
Traceback (most recent call last):
  File "C:\Users\Krishnaansh Goel\OneDrive\Desktop\Projects\Goquant5\backend\engine\matching_engine.py", line 278, in _broadcast_updates
    order_book.add_order(buy_order)
  File "C:\Users\Krishnaansh Goel\OneDrive\Desktop\Projects\Goquant5\backend\engine\order_book.py", line 62, in add_order
    logger.debug(f"Adding order {order.id} to order book for {order.symbol}")
                                 ^^^^^^^^
AttributeError: 'NoneType' object has no attribute 'id'
2025-06-14 23:54:25,419 - engine.matching_engine - INFO - Processing new order ddf2037a-2871-4cf7-bbb8-4e2d7050b291 of type OrderType.MARKET for BTC_USD
2025-06-14 23:54:25,420 - engine.matching_engine - INFO - Found 0 activated orders to process
2025-06-14 23:54:25,421 - engine.order_book - INFO - Updated best bid to price 15000.0 with 1 orders and total quantity 15.0
2025-06-14 23:54:25,819 - engine.redis_persistence - INFO - Order book state saved for BTC_USD
2025-06-14 23:54:26,166 - engine.redis_persistence - INFO - Trade 12bbfd16-077e-48ef-8c5b-dd0e46a655d2 saved
2025-06-14 23:54:26,167 - engine.order_book - INFO - Removing order ee36bb8e-9d9f-4c3c-9114-267008597c79 from order book
2025-06-14 23:54:26,167 - engine.order_book - WARNING - Order ee36bb8e-9d9f-4c3c-9114-267008597c79 not found in order book
2025-06-14 23:54:26,168 - engine.matching_engine - ERROR - Error broadcasting updates: 'NoneType' object has no attribute 'id'
Traceback (most recent call last):
  File "C:\Users\Krishnaansh Goel\OneDrive\Desktop\Projects\Goquant5\backend\engine\matching_engine.py", line 278, in _broadcast_updates
    order_book.add_order(buy_order)
  File "C:\Users\Krishnaansh Goel\OneDrive\Desktop\Projects\Goquant5\backend\engine\order_book.py", line 62, in add_order
    logger.debug(f"Adding order {order.id} to order book for {order.symbol}")
                                 ^^^^^^^^
AttributeError: 'NoneType' object has no attribute 'id'
2025-06-14 23:54:33,521 - engine.matching_engine - INFO - Processing new order 12cfb4c0-2faf-492a-a621-c7e26fa3447a of type OrderType.MARKET for BTC_USD
2025-06-14 23:54:33,522 - engine.matching_engine - INFO - Found 0 activated orders to process
2025-06-14 23:54:33,524 - engine.order_book - INFO - Updated best bid to price 10000.0 with 1 orders and total quantity 1.0
2025-06-14 23:54:33,911 - engine.redis_persistence - INFO - Order book state saved for BTC_USD
2025-06-14 23:54:34,266 - engine.redis_persistence - INFO - Trade ddc02d80-d114-416a-8ab9-05bfc78d0e8c saved
2025-06-14 23:54:34,268 - engine.order_book - INFO - Removing order 9f535476-9dfe-48ae-ad77-e29952e86dd0 from order book
2025-06-14 23:54:34,269 - engine.order_book - WARNING - Order 9f535476-9dfe-48ae-ad77-e29952e86dd0 not found in order book
2025-06-14 23:54:34,269 - engine.matching_engine - ERROR - Error broadcasting updates: 'NoneType' object has no attribute 'id'
Traceback (most recent call last):
  File "C:\Users\Krishnaansh Goel\OneDrive\Desktop\Projects\Goquant5\backend\engine\matching_engine.py", line 278, in _broadcast_updates
    order_book.add_order(buy_order)
  File "C:\Users\Krishnaansh Goel\OneDrive\Desktop\Projects\Goquant5\backend\engine\order_book.py", line 62, in add_order
    logger.debug(f"Adding order {order.id} to order book for {order.symbol}")
                                 ^^^^^^^^
AttributeError: 'NoneType' object has no attribute 'id'
2025-06-14 23:54:37,170 - engine.matching_engine - INFO - Processing new order 6459c1b6-9247-4840-be0e-29b4b37fa99f of type OrderType.MARKET for BTC_USD
2025-06-14 23:54:37,171 - engine.matching_engine - INFO - Found 0 activated orders to process
2025-06-14 23:54:37,171 - engine.order_book - INFO - Updated best bid to price 1.0 with 7 orders and total quantity 7.0
2025-06-14 23:54:37,623 - engine.redis_persistence - INFO - Order book state saved for BTC_USD
2025-06-14 23:54:38,040 - engine.redis_persistence - INFO - Trade 81d6d56d-0bdd-4d7a-b3ea-49e3b53fa457 saved
2025-06-14 23:54:38,041 - engine.order_book - INFO - Removing order f25505d9-df8d-41e7-b064-145994af3a53 from order book
2025-06-14 23:54:38,042 - engine.order_book - WARNING - Order f25505d9-df8d-41e7-b064-145994af3a53 not found in order book
2025-06-14 23:54:38,043 - engine.matching_engine - ERROR - Error broadcasting updates: 'NoneType' object has no attribute 'id'
Traceback (most recent call last):
  File "C:\Users\Krishnaansh Goel\OneDrive\Desktop\Projects\Goquant5\backend\engine\matching_engine.py", line 278, in _broadcast_updates
    order_book.add_order(buy_order)
  File "C:\Users\Krishnaansh Goel\OneDrive\Desktop\Projects\Goquant5\backend\engine\order_book.py", line 62, in add_order
    logger.debug(f"Adding order {order.id} to order book for {order.symbol}")
                                 ^^^^^^^^
AttributeError: 'NoneType' object has no attribute 'id'
2025-06-14 23:54:40,437 - engine.matching_engine - INFO - Processing new order 1d397815-e181-4a48-885e-f3b6cf911748 of type OrderType.MARKET for BTC_USD
2025-06-14 23:54:40,438 - engine.matching_engine - INFO - Found 0 activated orders to process
2025-06-14 23:54:40,815 - engine.redis_persistence - INFO - Order book state saved for BTC_USD
2025-06-14 23:54:41,166 - engine.redis_persistence - INFO - Trade 7fd93596-1dfc-4ec2-b120-be38f9146886 saved
2025-06-14 23:54:41,167 - engine.order_book - INFO - Removing order f2f4a236-1648-4200-9fb0-7d88e2aec274 from order book
2025-06-14 23:54:41,168 - engine.order_book - WARNING - Order f2f4a236-1648-4200-9fb0-7d88e2aec274 not found in order book
2025-06-14 23:54:41,169 - engine.matching_engine - ERROR - Error broadcasting updates: 'NoneType' object has no attribute 'id'
Traceback (most recent call last):
  File "C:\Users\Krishnaansh Goel\OneDrive\Desktop\Projects\Goquant5\backend\engine\matching_engine.py", line 278, in _broadcast_updates
    order_book.add_order(buy_order)
  File "C:\Users\Krishnaansh Goel\OneDrive\Desktop\Projects\Goquant5\backend\engine\order_book.py", line 62, in add_order
    logger.debug(f"Adding order {order.id} to order book for {order.symbol}")
                                 ^^^^^^^^
AttributeError: 'NoneType' object has no attribute 'id'
2025-06-14 23:54:47,324 - engine.matching_engine - INFO - Processing new order f482997f-1151-4c51-88d8-6f0589a3cd2c of type OrderType.MARKET for BTC_USD
2025-06-14 23:54:47,325 - engine.matching_engine - INFO - Found 0 activated orders to process
2025-06-14 23:54:47,326 - engine.order_book - INFO - No bids left, best bid set to None
2025-06-14 23:54:47,326 - engine.redis_persistence - INFO - Order book state saved for BTC_USD
2025-06-14 23:54:47,711 - engine.redis_persistence - INFO - Trade 16848a18-0392-49d6-84c3-5ad70852e4d1 saved
2025-06-14 23:54:48,085 - engine.redis_persistence - INFO - Trade 647fdc48-c069-4232-8df3-f452c44c780f saved
2025-06-14 23:54:48,435 - engine.redis_persistence - INFO - Trade ea4d3d8a-557c-4bf2-be3b-7ee159acbce4 saved
2025-06-14 23:54:48,776 - engine.redis_persistence - INFO - Trade 69fcc128-ce3b-4f64-9812-0a3418095a25 saved
2025-06-14 23:54:49,127 - engine.redis_persistence - INFO - Trade 96cd1176-1b42-4d7e-9c42-00e3251869d7 saved
2025-06-14 23:54:49,473 - engine.redis_persistence - INFO - Trade 3556185e-1cd1-4279-ad91-c9a27f8fc453 saved
2025-06-14 23:54:49,475 - engine.order_book - INFO - Removing order a9139aef-84c6-443e-a8f7-95a244e6cda7 from order book
2025-06-14 23:54:49,476 - engine.order_book - WARNING - Order a9139aef-84c6-443e-a8f7-95a244e6cda7 not found in order book
2025-06-14 23:54:49,478 - engine.matching_engine - ERROR - Error broadcasting updates: 'NoneType' object has no attribute 'id'
Traceback (most recent call last):
  File "C:\Users\Krishnaansh Goel\OneDrive\Desktop\Projects\Goquant5\backend\engine\matching_engine.py", line 278, in _broadcast_updates
    order_book.add_order(buy_order)
  File "C:\Users\Krishnaansh Goel\OneDrive\Desktop\Projects\Goquant5\backend\engine\order_book.py", line 62, in add_order
    logger.debug(f"Adding order {order.id} to order book for {order.symbol}")
                                 ^^^^^^^^
AttributeError: 'NoneType' object has no attribute 'id'
2025-06-14 23:57:38,534 - engine.websocket_manager - INFO - Client 91581d01-f201-44e0-8386-17b487e1ae20 disconnected from market_data_BTC_USD after 0:06:24.707061
2025-06-14 23:57:42,698 - engine.websocket_manager - INFO - Client 2d43d888-7175-4fe0-9704-cff1e3cba993 connected to channel market_data_BTC_USD
2025-06-14 23:57:42,700 - engine.matching_engine - INFO - Current BBO for BTC_USD: {'best_bid': None, 'best_bid_quantity': None, 'best_ask': None, 'best_ask_quantity': None, 'timestamp': '2025-06-14T18:27:42.699871'}
2025-06-14 23:58:04,435 - engine.websocket_manager - INFO - Client 2d43d888-7175-4fe0-9704-cff1e3cba993 disconnected from market_data_BTC_USD after 0:00:21.736490
2025-06-14 23:58:07,064 - engine.websocket_manager - INFO - Client 31d9c876-0773-4893-b56f-33ef40b0961b connected to channel market_data_BTC_USD
2025-06-14 23:58:07,065 - engine.matching_engine - INFO - Current BBO for BTC_USD: {'best_bid': None, 'best_bid_quantity': None, 'best_ask': None, 'best_ask_quantity': None, 'timestamp': '2025-06-14T18:28:07.065778'}
2025-06-14 23:58:17,324 - engine.matching_engine - INFO - Processing new order 0040d6b2-7ed3-44ea-a9b8-9efce1f1d3c3 of type OrderType.LIMIT for BTC_USD
2025-06-14 23:58:17,325 - engine.matching_engine - INFO - Found 0 activated orders to process
2025-06-14 23:58:17,802 - engine.redis_persistence - INFO - Order book state saved for BTC_USD
2025-06-14 23:58:17,803 - engine.matching_engine - INFO - Current BBO for BTC_USD: {'best_bid': 15000.0, 'best_bid_quantity': 3.0, 'best_ask': None, 'best_ask_quantity': None, 'timestamp': '2025-06-14T18:28:17.803077'}
2025-06-14 23:58:17,803 - engine.matching_engine - INFO - Updated BBO for BTC_USD: {'best_bid': 15000.0, 'best_bid_quantity': 3.0, 'best_ask': None, 'best_ask_quantity': None, 'timestamp': '2025-06-14T18:28:17.803077'}
2025-06-14 23:58:17,803 - engine.matching_engine - INFO - Pending orders for BTC_USD: {'bids': [{'price': '15000.0', 'quantity': '3.0', 'orders': [{'id': '0040d6b2-7ed3-44ea-a9b8-9efce1f1d3c3', 'side': 'BUY', 'type': 'LIMIT', 'quantity': '3.0', 'filled_quantity': '0', 'status': 'PARTIALLY_FILLED', 'timestamp': '2025-06-14T18:28:17.324079'}]}], 'asks': [], 'timestamp': '2025-06-14T18:28:17.803740'}
2025-06-14 23:58:27,288 - engine.matching_engine - INFO - Processing new order 70d0c7fa-fc0f-4cf8-a495-debe1327e7ea of type OrderType.MARKET for BTC_USD
2025-06-14 23:58:27,290 - engine.matching_engine - INFO - Found 0 activated orders to process
2025-06-14 23:58:27,290 - engine.order_book - INFO - Updated best bid quantity to 3.0 at price 15000.0
2025-06-14 23:58:27,663 - engine.redis_persistence - INFO - Order book state saved for BTC_USD
2025-06-14 23:58:28,023 - engine.redis_persistence - INFO - Trade fea2d506-f856-4b21-994e-15e2b9f76364 saved
2025-06-14 23:58:28,024 - engine.order_book - INFO - Removing order 0040d6b2-7ed3-44ea-a9b8-9efce1f1d3c3 from order book
2025-06-14 23:58:28,025 - engine.order_book - INFO - Removing order from best bid level at price 15000.0
2025-06-14 23:58:28,026 - engine.order_book - INFO - No bids left, best bid set to None
2025-06-14 23:58:28,027 - engine.matching_engine - INFO - Added partially filled buy order 0040d6b2-7ed3-44ea-a9b8-9efce1f1d3c3 back to order book
2025-06-14 23:58:28,027 - engine.order_book - INFO - Removing order 70d0c7fa-fc0f-4cf8-a495-debe1327e7ea from order book
2025-06-14 23:58:28,029 - engine.order_book - WARNING - Order 70d0c7fa-fc0f-4cf8-a495-debe1327e7ea not found in order book
2025-06-14 23:58:28,029 - engine.matching_engine - ERROR - Error broadcasting updates: 'NoneType' object has no attribute 'id'
Traceback (most recent call last):
  File "C:\Users\Krishnaansh Goel\OneDrive\Desktop\Projects\Goquant5\backend\engine\matching_engine.py", line 286, in _broadcast_updates
    order_book.add_order(sell_order)
  File "C:\Users\Krishnaansh Goel\OneDrive\Desktop\Projects\Goquant5\backend\engine\order_book.py", line 62, in add_order
    logger.debug(f"Adding order {order.id} to order book for {order.symbol}")
                                 ^^^^^^^^
AttributeError: 'NoneType' object has no attribute 'id'
2025-06-14 23:58:46,250 - engine.websocket_manager - INFO - Client 31d9c876-0773-4893-b56f-33ef40b0961b disconnected from market_data_BTC_USD after 0:00:39.186162
